施設,全回答数,直近30日間の回答数,前の30日間の回答数,伸び率（対前月）,石川県の回答数順位,石川県の回答数順位(直近30日間),商品・サービス満足度,商品・サービス満足度(直近30日間),施設全体満足度,施設全体満足度(直近30日間),旅全体満足度,旅全体満足度(直近30日間),施設の推奨度,推奨者数,非推奨者数,NPS,推奨者数(直近30日間),非推奨者数(直近30日間),NPS(直近30日間),10代,20代,30代,40代,50代,60代,70代,80代,90代,100代,男性,女性,1泊,2泊,3泊,4泊以上,日帰り,自分ひとり,恋人,友人,夫婦2人,団体旅行,親戚,親,職場の同僚,小学生以下連れの家族,中学生以下連れの家族,高校生連れの家族,災害支援,宿でのんびり過ごす,温泉や露天風呂,地元の美味しいものを食べる,花見や紅葉などの自然鑑賞,名所、旧跡の観光,テーマパーク（遊園地、動物園、博物館など）,買い物、アウトレット,お祭りやイベントへの参加・見物,スポーツ観戦や芸能鑑賞（コンサート等）,アウトドア（海水浴、釣り、登山など）,まちあるき、都市散策,各種体験（手作り、果物狩りなど）,スキー・スノボ、マリンスポーツ,その他スポーツ（ゴルフ、テニスなど）,ドライブ・ツーリング,友人・親戚を尋ねる,出張など仕事関係,100万円未満,100万円以上 200万円未満,200万円以上 300万円未満,300万円以上 400万円未満,400万円以上 500万円未満,500万円以上 600万円未満,600万円以上 700万円未満,700万円以上 800万円未満,800万円以上 900万円未満,"900万円以上 1,000万円未満","1,000万円以上 1,200万円未満","1,200万円以上 1,500万円未満","1,500万円以上",北海道,青森県,岩手県,宮城県,秋田県,山形県,福島県,茨城県,栃木県,群馬県,埼玉県,千葉県,東京都,神奈川県,新潟県,富山県,石川県,福井県,山梨県,長野県,岐阜県,静岡県,愛知県,三重県,滋賀県,京都府,大阪府,兵庫県,奈良県,和歌山県,鳥取県,島根県,岡山県,広島県,山口県,徳島県,香川県,愛媛県,高知県,福岡県,佐賀県,長崎県,熊本県,大分県,宮崎県,鹿児島県,沖縄県
金沢城公園,810,22,22,0,7,19,4.507267442,3.636363636,4.464769648,3.954545455,4.60483871,4.454545455,8.454320988,448,99,0.4308641975,8,3,0.2272727273,0.01234567901,0.162962963,0.1654320988,0.1975308642,0.2543209877,0.1530864198,0.05432098765,0,0,0,0.3888888889,0.5950617284,0.3604938272,0.3382716049,0.08024691358,0.09012345679,0.1308641975,0.2024691358,0.0975308642,0.137037037,0.2382716049,0.008641975309,0.001234567901,0.09382716049,0.01481481481,0.08641975309,0.01604938272,0.001234567901,0,0.1481481481,0.1691358025,0.6271604938,0.1395061728,0,0,0,0.06049382716,0,0,0,0,0,0,0.02962962963,0,0.03950617284,0.06419753086,0.05185185185,0.09135802469,0.1320987654,0.1283950617,0.112345679,0.07530864198,0.08271604938,0.04691358025,0.06543209877,0.06296296296,0.02962962963,0.05679012346,0.01975308642,0.004938271605,0.002469135802,0.006172839506,0.001234567901,0.004938271605,0.004938271605,0.01728395062,0.02098765432,0.01481481481,0.06172839506,0.06790123457,0.1691358025,0.07407407407,0.01728395062,0.03209876543,0.06913580247,0.01111111111,0.006172839506,0.01604938272,0.01851851852,0.03209876543,0.08148148148,0.01358024691,0.01111111111,0.02839506173,0.07777777778,0.05185185185,0.00987654321,0.002469135802,0.001234567901,0,0.006172839506,0.002469135802,0.001234567901,0.002469135802,0.001234567901,0.003703703704,0,0.01358024691,0.003703703704,0.001234567901,0,0.006172839506,0.001234567901,0.001234567901,0.004938271605
兼六園,261,7,6,0.1666666667,25,52,4.519480519,4.571428571,4.505976096,4.428571429,4.606382979,4.571428571,8.616858238,154,30,0.4750957854,2,2,0,0.02681992337,0.2298850575,0.2030651341,0.1877394636,0.2068965517,0.1302681992,0.0153256705,0,0,0,0.2643678161,0.7164750958,0.4137931034,0.3486590038,0.09578544061,0.06896551724,0.07279693487,0.09961685824,0.1072796935,0.1609195402,0.2681992337,0.003831417625,0,0.1264367816,0.01915708812,0.06513409962,0.01149425287,0,0,0.1570881226,0.2068965517,0.7049808429,0.1877394636,0,0,0,0.03831417625,0,0,0,0,0,0,0.030651341,0,0.03448275862,0.04597701149,0.03831417625,0.1034482759,0.122605364,0.07279693487,0.1340996169,0.1072796935,0.06130268199,0.04597701149,0.07279693487,0.09578544061,0.05363984674,0.04597701149,0.0153256705,0,0.01915708812,0.007662835249,0.003831417625,0.003831417625,0.007662835249,0.007662835249,0.01149425287,0.01149425287,0.06130268199,0.08812260536,0.2298850575,0.1111111111,0.0153256705,0.0153256705,0.03831417625,0,0.01149425287,0.0153256705,0.030651341,0.02298850575,0.06130268199,0.0153256705,0.003831417625,0.030651341,0.06896551724,0.01915708812,0.003831417625,0.003831417625,0,0.003831417625,0,0.01149425287,0,0.003831417625,0,0,0.003831417625,0.01915708812,0,0.007662835249,0,0.007662835249,0.003831417625,0,0.003831417625
金沢駅,732,35,33,0.06060606061,10,11,4.463525836,3.914285714,4.414454277,4.114285714,4.617449664,4.542857143,8.56284153,397,67,0.4508196721,18,3,0.4285714286,0.01912568306,0.1571038251,0.1926229508,0.2267759563,0.2295081967,0.1530054645,0.01912568306,0,0.002732240437,0,0.3469945355,0.631147541,0.3838797814,0.325136612,0.0956284153,0.09699453552,0.09836065574,0.2581967213,0.07513661202,0.1202185792,0.237704918,0.008196721311,0.002732240437,0.1079234973,0.03551912568,0.05601092896,0.004098360656,0,0.002732240437,0.1666666667,0.1489071038,0.6762295082,0.06010928962,0,0,0,0.06830601093,0,0,0,0,0,0,0.0150273224,0,0.08196721311,0.05327868852,0.03961748634,0.07240437158,0.1079234973,0.1270491803,0.1284153005,0.07923497268,0.06830601093,0.06967213115,0.06420765027,0.09153005464,0.05191256831,0.04644808743,0.01092896175,0,0.006830601093,0.006830601093,0,0.006830601093,0.006830601093,0.01775956284,0.005464480874,0.01639344262,0.06693989071,0.04644808743,0.2117486339,0.09153005464,0.00956284153,0.02322404372,0.03825136612,0.01092896175,0.006830601093,0.02732240437,0.01092896175,0.01639344262,0.0587431694,0.00956284153,0.008196721311,0.02732240437,0.1051912568,0.04781420765,0.0150273224,0.005464480874,0.002732240437,0,0.01092896175,0.02732240437,0.006830601093,0.005464480874,0.001366120219,0,0.001366120219,0.0150273224,0.001366120219,0.002732240437,0.001366120219,0.001366120219,0,0.002732240437,0.004098360656
金沢中央観光案内所,1450,59,49,0.2040816327,3,4,4.375946173,3.677966102,4.393086817,3.779661017,4.548161121,4.440677966,8.079310345,660,272,0.2675862069,26,13,0.2203389831,0.02344827586,0.1689655172,0.1910344828,0.1848275862,0.235862069,0.1593103448,0.03517241379,0.001379310345,0,0,0.3365517241,0.6324137931,0.3372413793,0.3496551724,0.1062068966,0.1103448276,0.09655172414,0.195862069,0.1068965517,0.1331034483,0.2737931034,0.005517241379,0.0006896551724,0.1055172414,0.01103448276,0.06275862069,0.009655172414,0.0006896551724,0,0.16,0.1220689655,0.6462068966,0.09172413793,0,0,0,0.06344827586,0,0,0,0,0,0,0.0124137931,0,0.03517241379,0.06206896552,0.03586206897,0.07310344828,0.1234482759,0.1151724138,0.1131034483,0.09103448276,0.06620689655,0.05724137931,0.06413793103,0.09793103448,0.03724137931,0.06344827586,0.01172413793,0.003448275862,0.006896551724,0.0124137931,0.00275862069,0.004827586207,0.003448275862,0.01724137931,0.01517241379,0.01172413793,0.05586206897,0.04827586207,0.2379310345,0.09517241379,0.01034482759,0.02413793103,0.0475862069,0.01172413793,0.003448275862,0.008965517241,0.0124137931,0.02896551724,0.06206896552,0.009655172414,0.006896551724,0.03724137931,0.08896551724,0.03793103448,0.01448275862,0.005517241379,0.003448275862,0.002068965517,0.005517241379,0.006896551724,0.004137931034,0.0006896551724,0.003448275862,0.002068965517,0.001379310345,0.01448275862,0.001379310345,0.001379310345,0.004137931034,0.004137931034,0.001379310345,0.002068965517,0.004137931034
長町武家屋敷休憩館,148,2,10,-0.8,47,88,4.484848485,5,4.510948905,4,4.631067961,4.5,8.418918919,76,19,0.3851351351,1,1,0,0.03378378378,0.1351351351,0.1756756757,0.222972973,0.222972973,0.1554054054,0.05405405405,0,0,0,0.3445945946,0.6418918919,0.3445945946,0.3310810811,0.1891891892,0.07432432432,0.06081081081,0.1216216216,0.1013513514,0.09459459459,0.3513513514,0,0,0.1486486486,0.02027027027,0.04054054054,0,0,0,0.1891891892,0.1959459459,0.6891891892,0.08783783784,0,0,0,0.02702702703,0,0,0,0,0,0,0,0,0.02027027027,0.05405405405,0.03378378378,0.06081081081,0.09459459459,0.1081081081,0.1216216216,0.08108108108,0.06081081081,0.05405405405,0.08783783784,0.08783783784,0.09459459459,0.06081081081,0.03378378378,0.01351351351,0,0,0,0,0,0.02027027027,0.006756756757,0.05405405405,0.0472972973,0.1283783784,0.2094594595,0.07432432432,0.02027027027,0.02702702703,0.02702702703,0,0,0.006756756757,0.02702702703,0.02027027027,0.06756756757,0,0.006756756757,0.03378378378,0.06756756757,0.0472972973,0.02702702703,0,0.006756756757,0,0,0.01351351351,0,0,0,0,0,0.006756756757,0.006756756757,0,0,0,0,0,0
西茶屋資料館,109,11,5,1.2,61,41,4.436170213,4.454545455,4.444444444,4.363636364,4.658227848,4.818181818,7.357798165,33,32,0.009174311927,4,2,0.1818181818,0.02752293578,0.1743119266,0.2293577982,0.119266055,0.3027522936,0.128440367,0.01834862385,0,0,0,0.3486238532,0.5963302752,0.247706422,0.4678899083,0.1100917431,0.1009174312,0.07339449541,0.119266055,0.06422018349,0.1100917431,0.3486238532,0.009174311927,0,0.1559633028,0.009174311927,0.03669724771,0.02752293578,0,0,0.2018348624,0.1926605505,0.6972477064,0.07339449541,0,0,0,0.01834862385,0,0,0,0,0,0,0.009174311927,0,0.009174311927,0.03669724771,0.01834862385,0.1009174312,0.07339449541,0.128440367,0.119266055,0.05504587156,0.06422018349,0.04587155963,0.07339449541,0.1834862385,0.05504587156,0.04587155963,0,0,0,0,0,0.009174311927,0,0,0.02752293578,0,0.1009174312,0.1100917431,0.2844036697,0.08256880734,0.02752293578,0.009174311927,0.01834862385,0.03669724771,0.009174311927,0.01834862385,0,0,0.04587155963,0.009174311927,0.01834862385,0.04587155963,0.05504587156,0.04587155963,0.009174311927,0,0,0,0.009174311927,0,0,0,0,0.01834862385,0,0,0,0,0.009174311927,0,0,0,0
ひがし茶屋休憩館,179,3,3,0,40,79,4.521472393,4.333333333,4.523529412,4.333333333,4.657534247,4.666666667,8.340782123,95,24,0.3966480447,1,1,0,0.03351955307,0.2234636872,0.1787709497,0.1787709497,0.2346368715,0.1452513966,0.005586592179,0,0,0,0.3687150838,0.6312849162,0.2793296089,0.4357541899,0.04469273743,0.1117318436,0.1284916201,0.1340782123,0.07262569832,0.1675977654,0.2681564246,0.005586592179,0,0.1396648045,0.01117318436,0.05027932961,0.005586592179,0,0,0.1955307263,0.1899441341,0.7374301676,0.1005586592,0,0,0,0.02234636872,0,0,0,0,0,0,0.005586592179,0,0.02234636872,0.09497206704,0.02234636872,0.09497206704,0.1173184358,0.1396648045,0.0782122905,0.08379888268,0.1173184358,0.03910614525,0.06703910615,0.06145251397,0.03351955307,0.05027932961,0.02234636872,0,0,0.01117318436,0,0.005586592179,0,0.02793296089,0.01117318436,0.005586592179,0.05027932961,0.04469273743,0.2011173184,0.1173184358,0.01675977654,0.01675977654,0.02234636872,0.01117318436,0.005586592179,0.04469273743,0.01117318436,0.02234636872,0.06703910615,0.005586592179,0.005586592179,0.01675977654,0.1061452514,0.02234636872,0.02234636872,0.005586592179,0,0.005586592179,0.005586592179,0.03351955307,0.005586592179,0,0,0,0,0.02234636872,0,0.01117318436,0.005586592179,0,0,0.005586592179,0.005586592179
石川県政記念しいのき迎賓館,206,9,6,0.5,33,46,4.417647059,2.777777778,4.420212766,3.222222222,4.568862275,4.444444444,7.893203883,84,38,0.2233009709,3,3,0,0.009708737864,0.1553398058,0.1990291262,0.1844660194,0.2572815534,0.1699029126,0.02427184466,0,0,0,0.3834951456,0.5873786408,0.2669902913,0.2912621359,0.09708737864,0.140776699,0.2038834951,0.2281553398,0.1067961165,0.1747572816,0.2281553398,0.004854368932,0,0.06310679612,0.0145631068,0.08252427184,0,0,0,0.1650485437,0.1650485437,0.5825242718,0.1262135922,0,0,0,0.1699029126,0,0,0,0,0,0,0.03398058252,0,0.05339805825,0.02912621359,0.03883495146,0.07766990291,0.09223300971,0.09708737864,0.1262135922,0.1067961165,0.09708737864,0.06796116505,0.06796116505,0.09708737864,0.04368932039,0.05825242718,0.004854368932,0,0,0.004854368932,0.004854368932,0,0,0.02427184466,0.004854368932,0.01941747573,0.04368932039,0.04368932039,0.1747572816,0.07281553398,0.009708737864,0.07281553398,0.1747572816,0.009708737864,0,0.004854368932,0,0.0145631068,0.07766990291,0.009708737864,0.009708737864,0.04368932039,0.08737864078,0.0145631068,0.0145631068,0,0,0,0.0145631068,0.004854368932,0,0,0.004854368932,0.004854368932,0,0.009708737864,0.009708737864,0,0,0.009708737864,0,0,0
石川県立音楽堂,32,1,2,-0.5,138,99,4.518518519,5,4.538461538,5,4.55,5,8.1875,16,7,0.28125,1,0,1,0.03125,0.21875,0.21875,0.125,0.15625,0.21875,0.03125,0,0,0,0.21875,0.78125,0.34375,0.125,0,0.15625,0.375,0.28125,0.0625,0.1875,0.1875,0,0,0.03125,0,0.21875,0,0,0,0.03125,0.0625,0.375,0.03125,0,0,0,0.15625,0,0,0,0,0,0,0,0,0.15625,0.03125,0.03125,0.15625,0.03125,0.21875,0.15625,0.09375,0.0625,0.03125,0.03125,0.09375,0,0.0625,0,0,0,0.03125,0,0,0,0,0,0,0.0625,0.03125,0.21875,0,0.03125,0.0625,0.3125,0.03125,0,0,0,0.0625,0,0,0,0.03125,0.0625,0,0,0,0.03125,0,0,0,0,0,0,0,0,0.03125,0,0,0,0,0,0,0
石川県立図書館,1112,1,1,0,4,100,4.64940239,5,4.702623907,5,4.608901515,5,8.675359712,705,122,0.5242805755,1,0,1,0.02967625899,0.2041366906,0.1645683453,0.1834532374,0.2392086331,0.1402877698,0.03057553957,0.006294964029,0.0008992805755,0.0008992805755,0.3741007194,0.5971223022,0.2877697842,0.2580935252,0.09982014388,0.1196043165,0.2347122302,0.2041366906,0.07643884892,0.1519784173,0.1717625899,0.008992805755,0,0.1043165468,0.01079136691,0.1169064748,0.04496402878,0,0,0.1555755396,0.118705036,0.4649280576,0.03057553957,0,0,0,0.06564748201,0,0,0,0,0,0,0.03327338129,0,0.03597122302,0.06474820144,0.03597122302,0.06654676259,0.1052158273,0.1142086331,0.1348920863,0.08543165468,0.06924460432,0.08273381295,0.05485611511,0.0881294964,0.04946043165,0.04856115108,0.01978417266,0.001798561151,0.0008992805755,0.006294964029,0.001798561151,0,0.005395683453,0.01079136691,0.008992805755,0.00809352518,0.05215827338,0.03237410072,0.1564748201,0.0881294964,0.01798561151,0.06384892086,0.1798561151,0.02697841727,0.0008992805755,0.02158273381,0.02158273381,0.02338129496,0.05395683453,0.01438848921,0.01169064748,0.02158273381,0.05935251799,0.03597122302,0.005395683453,0.001798561151,0,0.003597122302,0.004496402878,0.01079136691,0,0.0008992805755,0.001798561151,0.001798561151,0,0.00809352518,0.005395683453,0.003597122302,0.0008992805755,0.002697841727,0,0.001798561151,0.0008992805755
石川県立歴史博物館,836,28,50,-0.44,6,14,4.498687664,3.928571429,4.530690537,4.071428571,4.577266922,4.357142857,8.190191388,387,134,0.3026315789,11,3,0.2857142857,0.03468899522,0.2188995215,0.1602870813,0.1638755981,0.206937799,0.1626794258,0.0490430622,0.002392344498,0.001196172249,0,0.4318181818,0.543062201,0.2918660287,0.3145933014,0.0956937799,0.0980861244,0.1997607656,0.2607655502,0.1028708134,0.1100478469,0.2440191388,0.005980861244,0.001196172249,0.08492822967,0.01555023923,0.05622009569,0.001196172249,0,0,0.1339712919,0.1076555024,0.5059808612,0.08971291866,0,0,0,0.05502392344,0,0,0,0,0,0,0.02751196172,0,0.04545454545,0.05980861244,0.05622009569,0.08612440191,0.1124401914,0.1423444976,0.1076555024,0.06339712919,0.06100478469,0.05023923445,0.05861244019,0.08253588517,0.03827751196,0.08133971292,0.01315789474,0.003588516746,0.003588516746,0.01076555024,0.003588516746,0.003588516746,0.002392344498,0.01555023923,0.007177033493,0.01674641148,0.05263157895,0.0490430622,0.1794258373,0.08732057416,0.01555023923,0.04545454545,0.1303827751,0.01913875598,0.005980861244,0.02153110048,0.02272727273,0.01913875598,0.05741626794,0.01435406699,0.01196172249,0.02631578947,0.07894736842,0.02870813397,0.01076555024,0.002392344498,0,0,0.003588516746,0.008373205742,0,0,0.005980861244,0.001196172249,0.002392344498,0.00956937799,0,0,0.001196172249,0,0,0,0.008373205742
石川県立美術館,245,6,14,-0.5714285714,29,54,4.414746544,4.333333333,4.482142857,4.166666667,4.485207101,4.333333333,8.065306122,109,40,0.2816326531,3,0,0.5,0.004081632653,0.1306122449,0.2,0.2081632653,0.2571428571,0.1428571429,0.05714285714,0,0,0,0.3346938776,0.6408163265,0.3265306122,0.2367346939,0.08163265306,0.0612244898,0.293877551,0.2530612245,0.08163265306,0.106122449,0.293877551,0.008163265306,0,0.1142857143,0.004081632653,0.03265306122,0.01632653061,0,0,0.1387755102,0.1224489796,0.5265306122,0.07755102041,0,0,0,0.02448979592,0,0,0,0,0,0,0.01632653061,0,0.01632653061,0.02448979592,0.02857142857,0.08163265306,0.1306122449,0.09387755102,0.1102040816,0.1224489796,0.08571428571,0.04489795918,0.07755102041,0.08979591837,0.04897959184,0.0612244898,0.01224489796,0,0,0,0,0,0.008163265306,0.02448979592,0.01224489796,0.01632653061,0.03265306122,0.02857142857,0.1673469388,0.07755102041,0.02448979592,0.0612244898,0.1714285714,0.04489795918,0,0.02857142857,0.01224489796,0.008163265306,0.03673469388,0.01632653061,0.02448979592,0.02040816327,0.04897959184,0.03265306122,0.03265306122,0,0.01224489796,0,0.004081632653,0.008163265306,0.004081632653,0,0,0,0.004081632653,0.01224489796,0,0,0.004081632653,0,0,0.004081632653,0.004081632653
からくり記念館,81,0,0,,81,111,4.597402597,,4.544303797,,4.565217391,,8.444444444,40,7,0.4074074074,0,0,,0.03703703704,0.0987654321,0.1975308642,0.2839506173,0.1851851852,0.1604938272,0.03703703704,0,0,0,0.4444444444,0.5432098765,0.3086419753,0.2716049383,0.02469135802,0.1234567901,0.2716049383,0.1358024691,0.0987654321,0.1234567901,0.2098765432,0.02469135802,0,0.06172839506,0.01234567901,0.2222222222,0.03703703704,0,0,0.0987654321,0.2222222222,0.4691358025,0.06172839506,0,0,0,0.07407407407,0,0,0,0,0,0,0.04938271605,0,0.03703703704,0.04938271605,0.06172839506,0.08641975309,0.08641975309,0.1111111111,0.07407407407,0.0987654321,0.1358024691,0.04938271605,0.06172839506,0.1111111111,0.04938271605,0.02469135802,0.02469135802,0.01234567901,0,0,0.01234567901,0,0,0.01234567901,0,0,0.04938271605,0.02469135802,0.03703703704,0.01234567901,0.02469135802,0.06172839506,0.1851851852,0.02469135802,0.01234567901,0.04938271605,0.03703703704,0.01234567901,0.06172839506,0.04938271605,0.02469135802,0.07407407407,0.0987654321,0.03703703704,0,0,0,0.01234567901,0,0.02469135802,0,0,0,0,0,0,0,0,0,0.01234567901,0.01234567901,0,0
ホテル・トリフィート金沢,227,0,7,-1,31,112,4.562211982,,4.552036199,,4.632653061,,8.669603524,134,21,0.4977973568,0,0,,0.008810572687,0.1718061674,0.2378854626,0.1189427313,0.2995594714,0.1453744493,0.01762114537,0,0,0,0.3215859031,0.6651982379,0.4449339207,0.4405286344,0.05726872247,0.05726872247,0,0.06607929515,0.1497797357,0.09251101322,0.2202643172,0.004405286344,0,0.154185022,0.04845814978,0.06607929515,0.01321585903,0,0,0.1762114537,0.09691629956,0.7224669604,0.07929515419,0,0,0,0.01321585903,0,0,0,0,0,0,0,0,0.06607929515,0.03524229075,0.01762114537,0.05286343612,0.1189427313,0.127753304,0.09251101322,0.06167400881,0.07929515419,0.05726872247,0.09691629956,0.1585903084,0.04845814978,0.05286343612,0.01762114537,0.01762114537,0,0.008810572687,0,0,0.008810572687,0,0.008810572687,0.03524229075,0.1057268722,0.04845814978,0.2863436123,0.1145374449,0.01762114537,0.008810572687,0.03524229075,0,0.004405286344,0.008810572687,0.02643171806,0.03083700441,0.04405286344,0.008810572687,0.004405286344,0.01321585903,0.06167400881,0.02202643172,0,0.004405286344,0,0.008810572687,0.004405286344,0.01321585903,0,0,0,0,0,0.008810572687,0.004405286344,0,0.008810572687,0.008810572687,0,0,0
東横イン金沢兼六園香林坊,45,0,0,,108,113,4.45,,4.45,,4.526315789,,8.422222222,20,3,0.3777777778,0,0,,0,0.08888888889,0.2666666667,0.1555555556,0.2888888889,0.1555555556,0.04444444444,0,0,0,0.3111111111,0.6444444444,0.3555555556,0.3333333333,0.2222222222,0.08888888889,0,0.3333333333,0.1333333333,0.1555555556,0.2222222222,0.02222222222,0,0,0.02222222222,0,0,0,0,0.06666666667,0.04444444444,0.5777777778,0.1111111111,0,0,0,0.06666666667,0,0,0,0,0,0,0.02222222222,0,0.1333333333,0.06666666667,0.04444444444,0.08888888889,0.1555555556,0.1111111111,0.1333333333,0.1111111111,0.06666666667,0.08888888889,0,0.04444444444,0.08888888889,0,0.06666666667,0,0,0,0,0,0,0,0.06666666667,0,0.06666666667,0.02222222222,0.1333333333,0.1111111111,0.08888888889,0.02222222222,0,0,0,0.04444444444,0.02222222222,0.02222222222,0.06666666667,0,0,0,0.06666666667,0.06666666667,0.02222222222,0,0,0,0,0,0.02222222222,0,0.02222222222,0.02222222222,0,0.02222222222,0,0,0,0,0,0,0.02222222222
ダイワロイネットホテル金沢MIYABI,174,0,10,-1,41,114,4.556886228,,4.56547619,,4.683823529,,8.649425287,105,17,0.5057471264,0,0,,0.02298850575,0.1666666667,0.2586206897,0.2011494253,0.2183908046,0.1034482759,0.02873563218,0,0,0,0.3620689655,0.6264367816,0.4942528736,0.3103448276,0.1149425287,0.07471264368,0.005747126437,0.06896551724,0.1206896552,0.1091954023,0.2413793103,0,0.005747126437,0.1149425287,0.1034482759,0.1091954023,0.01149425287,0,0,0.2068965517,0.1666666667,0.6666666667,0.08620689655,0,0,0,0.02873563218,0,0,0,0,0,0,0,0,0.1264367816,0.02298850575,0.04597701149,0.05747126437,0.132183908,0.0632183908,0.08620689655,0.1091954023,0.1149425287,0.08045977011,0.05747126437,0.132183908,0.02298850575,0.07471264368,0.02298850575,0,0,0.02873563218,0,0,0.01724137931,0.03448275862,0.01149425287,0.005747126437,0.05747126437,0.03448275862,0.2068965517,0.05747126437,0.02873563218,0.005747126437,0.02873563218,0,0,0.01724137931,0.01724137931,0.02298850575,0.07471264368,0.01724137931,0.005747126437,0.04022988506,0.1206896552,0.04597701149,0,0,0,0,0.01149425287,0.01724137931,0,0.005747126437,0,0,0.005747126437,0.03448275862,0,0,0,0,0.01149425287,0.005747126437,0.005747126437
ホテルインターゲート金沢,53,0,0,,97,115,4.591836735,,4.549019608,,4.25,,8.490566038,29,5,0.4528301887,0,0,,0,0.07547169811,0.1698113208,0.2264150943,0.320754717,0.1886792453,0.01886792453,0,0,0,0.6981132075,0.2830188679,0.4528301887,0.358490566,0.07547169811,0.1132075472,0,0.1320754717,0.05660377358,0.1132075472,0.4150943396,0.01886792453,0,0.07547169811,0.1132075472,0.01886792453,0,0,0,0.1509433962,0.09433962264,0.679245283,0.01886792453,0,0,0,0.01886792453,0,0,0,0,0,0,0.01886792453,0,0.1132075472,0,0.01886792453,0.03773584906,0.07547169811,0.09433962264,0.1320754717,0.1886792453,0.1509433962,0.03773584906,0.09433962264,0.1132075472,0.05660377358,0,0.03773584906,0,0,0,0,0,0.05660377358,0,0.01886792453,0,0.01886792453,0.09433962264,0.07547169811,0.01886792453,0.1132075472,0.01886792453,0.01886792453,0.01886792453,0,0.03773584906,0,0.05660377358,0.07547169811,0.03773584906,0.01886792453,0,0.1509433962,0.03773584906,0,0,0,0,0.03773584906,0,0,0,0,0,0,0.03773584906,0.01886792453,0,0,0,0,0,0
ホテルマイステイズプレミア金沢,110,3,0,,59,80,4.52,4.666666667,4.534653465,4.666666667,4.670454545,5,8.354545455,57,19,0.3454545455,0,1,-0.3333333333,0.02727272727,0.1454545455,0.1727272727,0.2363636364,0.3,0.1,0.01818181818,0,0,0,0.4727272727,0.5181818182,0.4363636364,0.3636363636,0.04545454545,0.1545454545,0,0.07272727273,0.06363636364,0.07272727273,0.08181818182,0.009090909091,0,0.2272727273,0.05454545455,0.1909090909,0.1,0,0,0.2272727273,0.1818181818,0.6272727273,0.09090909091,0,0,0,0.02727272727,0,0,0,0,0,0,0.01818181818,0,0.08181818182,0.04545454545,0.01818181818,0.1,0.1,0.09090909091,0.1363636364,0.06363636364,0.1,0.03636363636,0.1,0.1545454545,0.02727272727,0.02727272727,0.01818181818,0,0,0.009090909091,0,0,0,0.01818181818,0,0.009090909091,0.02727272727,0.09090909091,0.1909090909,0.1090909091,0.009090909091,0.009090909091,0.05454545455,0,0.009090909091,0.04545454545,0.01818181818,0.009090909091,0.05454545455,0,0.02727272727,0.02727272727,0.1454545455,0.02727272727,0.009090909091,0,0,0,0.01818181818,0.009090909091,0,0,0,0,0,0.01818181818,0,0.009090909091,0.009090909091,0,0,0,0.01818181818
チサンバジェット金沢駅前,206,0,0,,34,116,4.136363636,,4.176100629,,4.432989691,,7.305825243,65,64,0.004854368932,0,0,,0.004854368932,0.09708737864,0.2038834951,0.1893203883,0.3689320388,0.1067961165,0.02912621359,0,0,0,0.5922330097,0.3834951456,0.3640776699,0.2766990291,0.1310679612,0.2233009709,0.004854368932,0.4514563107,0.04854368932,0.07281553398,0.08737864078,0.02427184466,0,0.03398058252,0.2087378641,0,0.004854368932,0,0,0.07766990291,0.06310679612,0.3689320388,0.03398058252,0,0,0,0.02427184466,0,0,0,0,0,0,0.004854368932,0,0.427184466,0.02427184466,0.03398058252,0.09223300971,0.1019417476,0.1310679612,0.09223300971,0.09708737864,0.1067961165,0.08252427184,0.1116504854,0.08252427184,0.01941747573,0.02427184466,0.01941747573,0,0,0.004854368932,0.0145631068,0.004854368932,0.009708737864,0.01941747573,0,0.004854368932,0.03883495146,0.05339805825,0.1650485437,0.08737864078,0.04854368932,0.02427184466,0.05825242718,0.0145631068,0,0.02912621359,0,0.0145631068,0.04854368932,0.004854368932,0.004854368932,0.05825242718,0.1019417476,0.01941747573,0.0145631068,0.004854368932,0.004854368932,0.004854368932,0.009708737864,0.03398058252,0,0,0.0145631068,0.004854368932,0,0.0145631068,0.009708737864,0.009708737864,0.01941747573,0,0,0.004854368932,0
トリフィートホテル&ポッド金沢百万石通,154,11,10,0.1,45,42,4.445205479,4.272727273,4.5,4.636363636,4.577586207,4.636363636,8.642857143,87,10,0.5,7,1,0.5454545455,0.006493506494,0.1298701299,0.1818181818,0.1623376623,0.3636363636,0.1363636364,0.01948051948,0,0,0,0.461038961,0.5324675325,0.4025974026,0.3441558442,0.0974025974,0.1558441558,0,0.5519480519,0.02597402597,0.1493506494,0.06493506494,0.006493506494,0,0.02597402597,0.03896103896,0.02597402597,0.01298701299,0,0,0.0974025974,0.1038961039,0.5974025974,0.09090909091,0,0,0,0.03246753247,0,0,0,0,0,0,0.02597402597,0,0.1168831169,0.05844155844,0.05844155844,0.05194805195,0.1428571429,0.1233766234,0.0974025974,0.05194805195,0.07792207792,0.07142857143,0.03896103896,0.08441558442,0.06493506494,0.07792207792,0.01948051948,0,0,0.006493506494,0.006493506494,0,0.006493506494,0.03896103896,0.01298701299,0.006493506494,0.01948051948,0.05194805195,0.2077922078,0.09090909091,0.01948051948,0.01948051948,0.04545454545,0.03246753247,0.006493506494,0.04545454545,0,0.006493506494,0.1038961039,0.006493506494,0,0.02597402597,0.1233766234,0.04545454545,0,0,0,0,0,0,0.006493506494,0,0,0,0,0.01948051948,0,0.006493506494,0.01948051948,0,0,0,0
金沢東急ホテル,85,0,0,,74,117,4.518072289,,4.597560976,,4.602739726,,8.505882353,50,11,0.4588235294,0,0,,0.01176470588,0.1411764706,0.1058823529,0.2,0.3176470588,0.1764705882,0.03529411765,0.01176470588,0,0,0.3647058824,0.6117647059,0.4588235294,0.3647058824,0.1058823529,0.02352941176,0.04705882353,0.1058823529,0.04705882353,0.1294117647,0.3764705882,0,0,0.1294117647,0.01176470588,0.05882352941,0.01176470588,0,0,0.2352941176,0.07058823529,0.7058823529,0.08235294118,0,0,0,0.01176470588,0,0,0,0,0,0,0.03529411765,0,0.04705882353,0.02352941176,0.04705882353,0.04705882353,0.04705882353,0.1176470588,0.05882352941,0.08235294118,0.1176470588,0.05882352941,0.05882352941,0.1529411765,0.09411764706,0.09411764706,0.02352941176,0,0,0,0,0,0,0.01176470588,0.01176470588,0.01176470588,0.05882352941,0.01176470588,0.2352941176,0.1176470588,0,0.01176470588,0.1764705882,0.01176470588,0,0.02352941176,0.02352941176,0.05882352941,0.03529411765,0.02352941176,0.01176470588,0.05882352941,0.02352941176,0.02352941176,0.02352941176,0,0,0,0.01176470588,0,0,0,0,0,0,0,0,0,0,0,0,0,0
金沢カプセルホテル武蔵町,41,0,1,-1,116,118,4.470588235,,4.428571429,,4.4375,,7.829268293,18,8,0.243902439,0,0,,0,0.2926829268,0.1463414634,0.243902439,0.1951219512,0.09756097561,0.0243902439,0,0,0,0.6829268293,0.2682926829,0.4634146341,0.2195121951,0.1219512195,0.1951219512,0,0.8292682927,0.0487804878,0.0487804878,0,0.0243902439,0,0,0.0243902439,0,0,0,0,0.07317073171,0.07317073171,0.4634146341,0.09756097561,0,0,0,0.07317073171,0,0,0,0,0,0,0.0243902439,0,0.0487804878,0.1463414634,0.0243902439,0,0.243902439,0.1707317073,0.1707317073,0.1219512195,0.0243902439,0.0243902439,0.07317073171,0,0,0,0.07317073171,0,0,0,0,0,0,0,0,0.0243902439,0.0243902439,0.0243902439,0.09756097561,0.09756097561,0,0.0243902439,0,0,0.0243902439,0.0243902439,0.0487804878,0.09756097561,0.1219512195,0,0.0487804878,0.09756097561,0.0487804878,0.0487804878,0,0.0243902439,0,0,0,0,0,0,0,0,0,0.0243902439,0,0,0,0,0,0,0.0243902439
KOKOHOTEL Premier 金沢香林坊,742,25,7,2.571428571,8,16,4.471810089,4.32,4.480825959,4.36,4.55887522,4.28,8.438005391,402,82,0.4312668464,14,1,0.52,0.00269541779,0.141509434,0.1509433962,0.179245283,0.2978436658,0.1967654987,0.02964959569,0.001347708895,0,0,0.4797843666,0.5121293801,0.4056603774,0.3382749326,0.1253369272,0.1266846361,0.004043126685,0.2533692722,0.1549865229,0.0781671159,0.2830188679,0.01347708895,0,0.04582210243,0.06334231806,0.02156334232,0.00539083558,0,0.004043126685,0.1738544474,0.07412398922,0.6199460916,0.06334231806,0,0,0,0.03504043127,0,0,0,0,0,0,0.02021563342,0,0.1913746631,0.025606469,0.02021563342,0.06064690027,0.09299191375,0.1078167116,0.1185983827,0.1037735849,0.09164420485,0.06199460916,0.06064690027,0.1132075472,0.07547169811,0.06738544474,0.02830188679,0.00539083558,0.00269541779,0.01212938005,0.00539083558,0.00539083558,0.006738544474,0.01886792453,0.01482479784,0.009433962264,0.0269541779,0.04177897574,0.1603773585,0.08490566038,0.02021563342,0.02964959569,0.04582210243,0.02021563342,0.006738544474,0.01886792453,0.01886792453,0.02425876011,0.09299191375,0.009433962264,0.02964959569,0.03773584906,0.08086253369,0.04312668464,0.006738544474,0.00539083558,0.006738544474,0.006738544474,0.006738544474,0.008086253369,0.00269541779,0.004043126685,0.004043126685,0.006738544474,0.00269541779,0.02156334232,0.001347708895,0.00539083558,0.001347708895,0.001347708895,0.00269541779,0,0.004043126685
ホテルウィングインターナショナルプレミアム金沢駅前,192,0,0,,37,119,4.457142857,,4.419889503,,4.515151515,,8.234375,87,23,0.3333333333,0,0,,0,0.171875,0.28125,0.1302083333,0.25,0.1458333333,0.02083333333,0,0,0,0.4635416667,0.5104166667,0.4791666667,0.2760416667,0.1041666667,0.1145833333,0.02604166667,0.3177083333,0.1458333333,0.08333333333,0.2083333333,0.005208333333,0,0.046875,0.08333333333,0.0625,0,0,0,0.1770833333,0.0625,0.5520833333,0.0625,0,0,0,0.046875,0,0,0,0,0,0,0.01041666667,0,0.2135416667,0,0.03125,0.02083333333,0.1041666667,0.1302083333,0.1458333333,0.08854166667,0.109375,0.05729166667,0.05729166667,0.1458333333,0.04166666667,0.06770833333,0.01041666667,0,0,0.01041666667,0,0.005208333333,0.005208333333,0.015625,0.01041666667,0.01041666667,0.0625,0.02604166667,0.1979166667,0.07291666667,0.03125,0.05729166667,0.05208333333,0,0,0.015625,0.03125,0.02083333333,0.08333333333,0.01041666667,0.03125,0.04166666667,0.08333333333,0.046875,0.015625,0.005208333333,0,0,0,0.01041666667,0,0,0,0.005208333333,0.005208333333,0.02604166667,0,0,0,0,0,0,0
石川県森林公園三国山キャンプ場,69,2,4,-0.5,87,89,4.705882353,4.5,4.753846154,4.5,4.729166667,4.5,9,49,4,0.652173913,2,0,1,0,0.05797101449,0.2028985507,0.231884058,0.3043478261,0.1594202899,0.04347826087,0,0,0,0.7536231884,0.2463768116,0.7391304348,0.1449275362,0.01449275362,0,0.1014492754,0.5362318841,0.02898550725,0.01449275362,0.1594202899,0.01449275362,0,0.02898550725,0.01449275362,0.1014492754,0.02898550725,0,0,0.1739130435,0.07246376812,0.08695652174,0.04347826087,0,0,0,0,0,0,0,0,0,0,0.04347826087,0,0,0.01449275362,0.04347826087,0.07246376812,0.1594202899,0.1594202899,0.115942029,0.05797101449,0.1014492754,0.07246376812,0.1014492754,0.07246376812,0.01449275362,0.01449275362,0,0,0,0,0,0,0,0,0,0,0.02898550725,0.04347826087,0.01449275362,0.02898550725,0.01449275362,0.1594202899,0.6231884058,0.01449275362,0,0.01449275362,0.01449275362,0,0.01449275362,0.01449275362,0,0,0.01449275362,0,0,0,0,0,0,0,0,0,0,0,0,0,0,0,0,0,0,0,0
ホテルルートイン金沢駅前,41,0,4,-1,117,120,4.242424242,,4.375,,4.46875,,7.414634146,15,13,0.0487804878,0,0,,0,0.1219512195,0.1463414634,0.1707317073,0.3902439024,0.1707317073,0,0,0,0,0.4634146341,0.5365853659,0.3902439024,0.3170731707,0.1463414634,0.1219512195,0.0243902439,0.1707317073,0.07317073171,0.09756097561,0.1707317073,0,0,0.1219512195,0.1707317073,0.1219512195,0,0,0,0.0487804878,0.0487804878,0.3658536585,0.0487804878,0,0,0,0.09756097561,0,0,0,0,0,0,0,0,0.243902439,0.07317073171,0.0243902439,0.0243902439,0.1707317073,0.0487804878,0.1219512195,0.1463414634,0.0243902439,0.0243902439,0.07317073171,0.1219512195,0.09756097561,0.0487804878,0.0243902439,0,0,0,0,0,0.0243902439,0,0,0,0.0243902439,0.0487804878,0.243902439,0.0243902439,0.0243902439,0,0,0.0243902439,0,0.0243902439,0,0.0243902439,0.1219512195,0.0487804878,0.0243902439,0.0243902439,0.09756097561,0.0487804878,0.0243902439,0,0,0,0.07317073171,0,0,0,0,0,0,0.0243902439,0,0,0,0,0,0.0243902439,0
アパホテル〈金沢駅前〉,35,1,0,,130,101,4.517241379,5,4.34375,5,4.515151515,5,8.285714286,17,5,0.3428571429,1,0,1,0,0.1142857143,0.2,0.1142857143,0.3714285714,0.1142857143,0.08571428571,0,0,0,0.4,0.6,0.4571428571,0.2571428571,0.1142857143,0.1428571429,0.02857142857,0.4,0.08571428571,0.1428571429,0.1428571429,0.02857142857,0,0.05714285714,0.08571428571,0,0,0,0,0.2,0.1142857143,0.6285714286,0,0,0,0,0.02857142857,0,0,0,0,0,0,0.02857142857,0,0.1714285714,0.02857142857,0.02857142857,0.1428571429,0.1428571429,0.1142857143,0.1142857143,0.1714285714,0.05714285714,0.02857142857,0.08571428571,0,0.05714285714,0.02857142857,0,0,0,0,0,0,0.05714285714,0,0,0,0.05714285714,0,0.2285714286,0.08571428571,0,0.02857142857,0.08571428571,0,0,0,0.02857142857,0,0.2,0,0,0,0.1142857143,0.02857142857,0,0,0.02857142857,0.02857142857,0,0,0,0,0,0,0,0.02857142857,0,0,0,0,0,0,0
尾山神社,524,0,0,,15,121,4.461873638,,4.450819672,,4.617647059,,8.402671756,259,58,0.3835877863,0,0,,0.00572519084,0.108778626,0.1641221374,0.179389313,0.3110687023,0.2003816794,0.0286259542,0.001908396947,0,0,0.3129770992,0.6736641221,0.3721374046,0.3664122137,0.09160305344,0.06297709924,0.106870229,0.1965648855,0.06870229008,0.1469465649,0.2538167939,0.01335877863,0,0.143129771,0.01908396947,0.03816793893,0.007633587786,0,0,0.1316793893,0.1603053435,0.6984732824,0.09351145038,0,0,0,0.02099236641,0,0,0,0,0,0,0.01908396947,0,0.05534351145,0.04389312977,0.0534351145,0.05534351145,0.1202290076,0.1374045802,0.1202290076,0.07442748092,0.0858778626,0.06297709924,0.04389312977,0.108778626,0.05152671756,0.04198473282,0.01335877863,0.003816793893,0.003816793893,0.00572519084,0.003816793893,0.001908396947,0.001908396947,0.01908396947,0.01145038168,0.009541984733,0.06297709924,0.04580152672,0.2022900763,0.09541984733,0.01717557252,0.02480916031,0.04389312977,0.007633587786,0.001908396947,0.02099236641,0.009541984733,0.03244274809,0.08015267176,0.01526717557,0.02480916031,0.03625954198,0.07442748092,0.04389312977,0.01335877863,0,0.003816793893,0,0.009541984733,0.003816793893,0,0,0.00572519084,0.003816793893,0.001908396947,0.02290076336,0.003816793893,0.003816793893,0.007633587786,0,0.001908396947,0.001908396947,0.001908396947
金沢能楽美術館,34,0,1,-1,132,122,4.451612903,,4.393939394,,4.818181818,,7.882352941,14,6,0.2352941176,0,0,,0,0.08823529412,0.1176470588,0.2647058824,0.2352941176,0.1764705882,0.1176470588,0,0,0,0.2647058824,0.7352941176,0.2352941176,0.2941176471,0.1764705882,0.1764705882,0.1176470588,0.3823529412,0.08823529412,0.1176470588,0.3235294118,0,0,0,0,0.02941176471,0,0,0,0.1470588235,0.1764705882,0.6470588235,0.1764705882,0,0,0,0.05882352941,0,0,0,0,0,0,0,0,0,0.02941176471,0.08823529412,0.1176470588,0.1470588235,0.05882352941,0.1470588235,0.1176470588,0.08823529412,0.05882352941,0.02941176471,0.05882352941,0.05882352941,0,0,0,0,0.02941176471,0,0,0.05882352941,0,0,0,0.05882352941,0.1176470588,0.1470588235,0.08823529412,0,0,0.1176470588,0,0,0,0,0.02941176471,0.08823529412,0.02941176471,0,0,0.08823529412,0.08823529412,0.05882352941,0,0,0,0,0,0,0,0,0,0,0,0,0,0,0,0,0,0
安江金箔工芸館,55,2,3,-0.3333333333,95,90,4.425531915,4.5,4.469387755,4.5,4.563636364,4.5,7.963636364,26,13,0.2363636364,1,1,0,0,0.2,0.2181818182,0.1454545455,0.2545454545,0.1454545455,0.03636363636,0,0,0,0.3454545455,0.6,0.2545454545,0.4727272727,0.1818181818,0.03636363636,0.05454545455,0.09090909091,0.07272727273,0.1454545455,0.3636363636,0.01818181818,0,0.1272727273,0,0,0,0,0,0.1272727273,0.09090909091,0.5818181818,0.03636363636,0,0,0,0.03636363636,0,0,0,0,0,0,0,0,0.01818181818,0,0.07272727273,0.09090909091,0.09090909091,0.1818181818,0.09090909091,0.1090909091,0.1090909091,0.09090909091,0.03636363636,0.07272727273,0.03636363636,0.01818181818,0,0.01818181818,0,0.05454545455,0.01818181818,0,0,0,0,0,0.1090909091,0.09090909091,0.1636363636,0.07272727273,0.03636363636,0,0.01818181818,0,0,0.01818181818,0.01818181818,0,0.05454545455,0.01818181818,0,0.01818181818,0.1272727273,0.03636363636,0,0,0.03636363636,0,0.01818181818,0.05454545455,0.01818181818,0,0,0,0,0,0,0,0,0,0,0,0
スーパーホテルPremier金沢駅東口,309,19,13,0.4615384615,21,22,4.572463768,4.210526316,4.552816901,4.578947368,4.571428571,4.789473684,8.469255663,166,32,0.4336569579,14,0,0.7368421053,0.01941747573,0.1553398058,0.1812297735,0.1941747573,0.2556634304,0.1618122977,0.02265372168,0.009708737864,0,0,0.4886731392,0.498381877,0.3721682848,0.430420712,0.09708737864,0.09708737864,0.003236245955,0.1650485437,0.07766990291,0.1262135922,0.2038834951,0.006472491909,0,0.06472491909,0.1553398058,0.06148867314,0.02265372168,0,0,0.1650485437,0.2200647249,0.5598705502,0.07443365696,0,0,0,0.04207119741,0,0,0,0,0,0,0.02265372168,0,0.2103559871,0.02912621359,0.04207119741,0.04530744337,0.09061488673,0.1262135922,0.1391585761,0.1197411003,0.07443365696,0.07766990291,0.05825242718,0.1326860841,0.02588996764,0.03883495146,0.006472491909,0.003236245955,0.003236245955,0.01294498382,0.003236245955,0.01941747573,0,0.009708737864,0.01941747573,0.01941747573,0.05501618123,0.05501618123,0.1715210356,0.09385113269,0.02588996764,0.009708737864,0.006472491909,0.006472491909,0.009708737864,0.02912621359,0.02265372168,0.03236245955,0.09708737864,0.01294498382,0.009708737864,0.04530744337,0.08414239482,0.04207119741,0.01294498382,0.006472491909,0.006472491909,0,0.006472491909,0.003236245955,0.003236245955,0,0.006472491909,0,0,0.01618122977,0.006472491909,0,0.009708737864,0.009708737864,0,0.006472491909,0
ＨＯＴＥＬ金沢　兼六荘,86,0,0,,73,123,4.480519481,,4.402597403,,4.414634146,,7.662790698,33,20,0.1511627907,0,0,,0,0.06976744186,0.1279069767,0.06976744186,0.2906976744,0.2790697674,0.1627906977,0,0,0,0.523255814,0.4651162791,0.3604651163,0.3837209302,0.1279069767,0.1162790698,0.01162790698,0.2209302326,0.01162790698,0.03488372093,0.3953488372,0.01162790698,0,0.08139534884,0.05813953488,0.01162790698,0.03488372093,0,0,0.1279069767,0.03488372093,0.5348837209,0.1162790698,0,0,0,0.03488372093,0,0,0,0,0,0,0.02325581395,0,0.1395348837,0.03488372093,0.02325581395,0.1511627907,0.1627906977,0.1279069767,0.1046511628,0.05813953488,0.06976744186,0.06976744186,0.05813953488,0.08139534884,0.03488372093,0.02325581395,0,0.01162790698,0,0.01162790698,0,0.03488372093,0.01162790698,0.01162790698,0.01162790698,0,0,0.04651162791,0.1627906977,0.04651162791,0.03488372093,0.03488372093,0.02325581395,0,0,0.02325581395,0.02325581395,0.04651162791,0.1162790698,0.01162790698,0.02325581395,0.02325581395,0.08139534884,0.09302325581,0.02325581395,0.01162790698,0,0,0.02325581395,0.02325581395,0,0,0,0.02325581395,0,0,0,0,0,0,0,0.01162790698,0
金沢マンテンホテル駅前,89,2,5,-0.6,71,91,4.291139241,4,4.34939759,4.5,4.337209302,4.5,8.02247191,28,9,0.2134831461,1,0,0.5,0.01123595506,0.1348314607,0.06741573034,0.1685393258,0.2134831461,0.3707865169,0.03370786517,0,0,0,0.4943820225,0.4943820225,0.4943820225,0.3707865169,0.07865168539,0.05617977528,0,0.3595505618,0.07865168539,0.08988764045,0.2247191011,0.02247191011,0,0.06741573034,0.06741573034,0.03370786517,0,0,0,0.1123595506,0.2359550562,0.4157303371,0.05617977528,0,0,0,0.05617977528,0,0,0,0,0,0,0.02247191011,0,0.3033707865,0.03370786517,0.02247191011,0.05617977528,0.06741573034,0.1348314607,0.07865168539,0.1123595506,0.03370786517,0.07865168539,0.08988764045,0.2134831461,0.03370786517,0.04494382022,0.05617977528,0,0,0,0,0,0.01123595506,0.02247191011,0,0,0.05617977528,0.04494382022,0.1123595506,0.06741573034,0.01123595506,0.02247191011,0.03370786517,0,0.01123595506,0.03370786517,0.01123595506,0.01123595506,0.1011235955,0,0.02247191011,0.05617977528,0.202247191,0.01123595506,0.01123595506,0,0,0.01123595506,0.02247191011,0.01123595506,0,0,0,0,0,0.01123595506,0,0,0.02247191011,0,0,0.01123595506,0
ホテルマイステイズ金沢キャッスル,60,0,0,,93,124,4.283018868,,4.296296296,,4.543859649,,7.633333333,22,16,0.1,0,0,,0.01666666667,0.2833333333,0.2666666667,0.1333333333,0.15,0.15,0,0,0,0,0.2666666667,0.7,0.4333333333,0.45,0.08333333333,0.03333333333,0,0.06666666667,0.2,0.2,0.25,0.03333333333,0,0.06666666667,0.06666666667,0.06666666667,0.03333333333,0,0,0.15,0.05,0.65,0,0,0,0,0.03333333333,0,0,0,0,0,0,0.01666666667,0,0.1166666667,0.06666666667,0.06666666667,0.1,0.1166666667,0.1166666667,0.1833333333,0.03333333333,0.1166666667,0.01666666667,0.05,0.06666666667,0.01666666667,0.05,0,0,0,0,0,0,0,0.01666666667,0,0,0.1166666667,0.05,0.1833333333,0.03333333333,0.03333333333,0.06666666667,0.01666666667,0,0,0,0,0,0.1,0.01666666667,0.01666666667,0.03333333333,0.08333333333,0.08333333333,0.03333333333,0,0.01666666667,0,0,0.01666666667,0,0,0,0.01666666667,0,0,0,0,0.01666666667,0,0.01666666667,0.03333333333,0
金沢蓄音器館,111,1,12,-0.9166666667,58,102,4.704761905,5,4.651376147,5,4.681818182,5,8.738738739,66,6,0.5405405405,0,0,0,0.01801801802,0.1711711712,0.2612612613,0.1351351351,0.2522522523,0.1171171171,0.04504504505,0,0,0,0.4054054054,0.5855855856,0.2792792793,0.3153153153,0.1441441441,0.1081081081,0.1531531532,0.2522522523,0.06306306306,0.1081081081,0.2792792793,0,0,0.0990990991,0.009009009009,0.07207207207,0,0,0,0.1621621622,0.1531531532,0.6936936937,0.07207207207,0,0,0,0.06306306306,0,0,0,0,0,0,0.009009009009,0,0.05405405405,0.06306306306,0.02702702703,0.0990990991,0.08108108108,0.1441441441,0.1171171171,0.1081081081,0.07207207207,0.02702702703,0.04504504505,0.1261261261,0.04504504505,0.04504504505,0.01801801802,0,0,0.009009009009,0,0,0.01801801802,0.01801801802,0,0.009009009009,0.07207207207,0.04504504505,0.2432432432,0.1081081081,0,0.009009009009,0.1081081081,0.05405405405,0,0.01801801802,0.009009009009,0.01801801802,0.04504504505,0.04504504505,0,0.03603603604,0.02702702703,0.02702702703,0.009009009009,0,0,0.009009009009,0.009009009009,0.009009009009,0,0,0.01801801802,0,0,0.009009009009,0,0,0,0,0,0,0
道の駅「高松」,39,2,0,,121,92,4.424242424,2,4.555555556,2,4.567567568,4.5,8.487179487,21,4,0.4358974359,0,0,0,0,0.1282051282,0.1282051282,0.07692307692,0.3846153846,0.2307692308,0.05128205128,0,0,0,0.2820512821,0.7179487179,0.2307692308,0.3333333333,0.05128205128,0.05128205128,0.3333333333,0.1025641026,0.05128205128,0.1538461538,0.2051282051,0.02564102564,0,0.1538461538,0.05128205128,0.07692307692,0.02564102564,0,0,0.1794871795,0.2051282051,0.4615384615,0.07692307692,0,0,0,0.02564102564,0,0,0,0,0,0,0.1025641026,0,0.1282051282,0,0.05128205128,0.07692307692,0.1538461538,0.1282051282,0.05128205128,0.2307692308,0,0.02564102564,0.02564102564,0.1025641026,0.05128205128,0.1025641026,0,0,0,0,0,0,0,0,0,0,0,0,0.1538461538,0.05128205128,0.02564102564,0,0.2307692308,0,0,0.05128205128,0.1025641026,0,0.02564102564,0.05128205128,0.05128205128,0,0.1282051282,0,0.05128205128,0,0,0,0.02564102564,0,0,0.02564102564,0,0,0,0.02564102564,0,0,0,0,0,0,0
ANAホリディ・イン金沢スカイ,31,4,1,3,140,71,4.586206897,4.25,4.620689655,3.25,4.666666667,4.25,8.322580645,16,4,0.3870967742,2,0,0.5,0,0.1290322581,0.09677419355,0.2258064516,0.2580645161,0.2258064516,0.06451612903,0,0,0,0.3870967742,0.6129032258,0.4193548387,0.2580645161,0.1290322581,0.1290322581,0.06451612903,0.2903225806,0.06451612903,0.1290322581,0.06451612903,0.03225806452,0,0.1290322581,0,0.06451612903,0.06451612903,0,0,0.2903225806,0.1290322581,0.5161290323,0,0,0,0,0.09677419355,0,0,0,0,0,0,0,0,0.06451612903,0.03225806452,0,0.1290322581,0.09677419355,0.1290322581,0.1290322581,0.1612903226,0.03225806452,0.03225806452,0.03225806452,0.1290322581,0.06451612903,0.03225806452,0,0,0.03225806452,0.03225806452,0,0,0.03225806452,0,0,0.03225806452,0,0.03225806452,0.2903225806,0.03225806452,0,0,0.1612903226,0.03225806452,0,0,0.06451612903,0.06451612903,0.03225806452,0,0.09677419355,0,0,0,0,0,0,0,0,0,0,0,0,0,0,0.03225806452,0,0,0.03225806452,0,0,0,0
石川県観光物産館,319,18,27,-0.3333333333,20,24,4.536082474,4.333333333,4.484848485,4.277777778,4.612179487,4.888888889,8.413793103,159,34,0.3918495298,13,2,0.6111111111,0.05642633229,0.2131661442,0.1786833856,0.2225705329,0.2131661442,0.1034482759,0.01253918495,0,0,0,0.3166144201,0.6645768025,0.4357366771,0.2978056426,0.09090909091,0.05329153605,0.1222570533,0.07523510972,0.06896551724,0.1191222571,0.1567398119,0.02507836991,0,0.1692789969,0.01567398119,0.144200627,0.003134796238,0.003134796238,0,0.1755485893,0.1912225705,0.6959247649,0.09717868339,0,0,0,0.04388714734,0,0,0,0,0,0,0.02507836991,0,0.02194357367,0.03448275862,0.02507836991,0.07210031348,0.09404388715,0.1285266458,0.1347962382,0.06269592476,0.065830721,0.1128526646,0.09090909091,0.07523510972,0.0407523511,0.06269592476,0.02194357367,0.003134796238,0,0.003134796238,0.003134796238,0.006269592476,0.003134796238,0.003134796238,0.01567398119,0.02194357367,0.07523510972,0.06896551724,0.1786833856,0.07836990596,0.01567398119,0.03134796238,0.04388714734,0.02507836991,0,0.03134796238,0.02507836991,0.02194357367,0.07210031348,0.006269592476,0.01253918495,0.01253918495,0.08150470219,0.04388714734,0.009404388715,0.003134796238,0.003134796238,0,0.009404388715,0.009404388715,0.006269592476,0,0.01567398119,0.006269592476,0.003134796238,0.01880877743,0,0.003134796238,0,0.003134796238,0,0.003134796238,0
眠音ホテル,41,1,2,-0.5,118,103,4.538461538,5,4.55,5,4.625,5,8.56097561,19,3,0.3902439024,0,0,0,0,0.2195121951,0.1463414634,0.1951219512,0.3658536585,0.0487804878,0.0243902439,0,0,0,0.4390243902,0.5609756098,0.3902439024,0.3414634146,0.1219512195,0.1463414634,0,0,0.0487804878,0.2926829268,0.1219512195,0,0,0.07317073171,0.0243902439,0.243902439,0.0243902439,0,0,0.2926829268,0.07317073171,0.7317073171,0.07317073171,0,0,0,0.0243902439,0,0,0,0,0,0,0,0,0.0243902439,0,0,0.1219512195,0.07317073171,0.1463414634,0.1707317073,0.09756097561,0.09756097561,0.09756097561,0.0243902439,0.07317073171,0.0243902439,0.07317073171,0.0243902439,0,0,0,0,0,0,0,0,0,0.0243902439,0.0487804878,0.1219512195,0.1219512195,0.0243902439,0.0243902439,0,0,0,0.0487804878,0.1219512195,0.0487804878,0.07317073171,0,0.0243902439,0.0243902439,0.1219512195,0,0,0,0,0,0,0.0243902439,0,0,0,0,0,0,0.0243902439,0,0,0,0,0,0.09756097561
KKRホテル金沢,139,14,17,-0.1764705882,51,33,4.458015267,4.571428571,4.492307692,4.5,4.510948905,4.428571429,8.424460432,64,11,0.381294964,7,0,0.5,0.02158273381,0.04316546763,0.1870503597,0.2374100719,0.2374100719,0.2086330935,0.06474820144,0,0,0,0.4316546763,0.5395683453,0.4172661871,0.4100719424,0.1079136691,0.05755395683,0.007194244604,0.1151079137,0.02158273381,0.07194244604,0.3021582734,0,0,0.1079136691,0.01438848921,0.2158273381,0.02877697842,0,0,0.2589928058,0.2014388489,0.6834532374,0.07913669065,0,0,0,0.02158273381,0,0,0,0,0,0,0.04316546763,0,0.03597122302,0.03597122302,0.02877697842,0.02877697842,0.06474820144,0.1151079137,0.1223021583,0.07913669065,0.1079136691,0.05755395683,0.06474820144,0.1151079137,0.08633093525,0.09352517986,0,0.007194244604,0,0,0,0.007194244604,0,0.02158273381,0,0.03597122302,0.04316546763,0.05035971223,0.2086330935,0.09352517986,0.02877697842,0.02877697842,0.04316546763,0.007194244604,0,0.02158273381,0.02158273381,0.007194244604,0.1223021583,0.02158273381,0.05035971223,0.007194244604,0.04316546763,0.02158273381,0,0.007194244604,0,0,0.007194244604,0.03597122302,0,0.02158273381,0.01438848921,0,0,0.01438848921,0,0,0,0,0,0,0.007194244604
ホテルアマネク金沢,35,2,1,1,131,93,4.529411765,4.5,4.6,4,4.676470588,4.5,8.742857143,22,2,0.5714285714,0,0,0,0,0.3714285714,0.1142857143,0.05714285714,0.3714285714,0.08571428571,0,0,0,0,0.3714285714,0.6285714286,0.2857142857,0.4285714286,0.2285714286,0.05714285714,0,0.08571428571,0.1142857143,0.3142857143,0.2,0.02857142857,0,0.05714285714,0.02857142857,0.05714285714,0,0,0,0.2571428571,0.2285714286,0.6857142857,0.05714285714,0,0,0,0.05714285714,0,0,0,0,0,0,0,0,0.08571428571,0.05714285714,0.05714285714,0.02857142857,0.08571428571,0.05714285714,0.2571428571,0.05714285714,0.08571428571,0.1142857143,0,0.05714285714,0.1142857143,0.02857142857,0.05714285714,0,0,0.02857142857,0,0,0.02857142857,0,0,0.02857142857,0.05714285714,0.02857142857,0.2571428571,0.05714285714,0.05714285714,0.02857142857,0,0,0,0.08571428571,0.02857142857,0.02857142857,0.08571428571,0.05714285714,0,0,0.02857142857,0,0.02857142857,0,0,0,0,0,0,0.02857142857,0,0,0,0,0,0,0,0,0,0,0
前田土佐守家資料館,30,1,2,-0.5,143,104,4.36,5,4.304347826,4,4.551724138,5,6.8,6,12,-0.2,0,0,0,0,0.1,0.1666666667,0.2666666667,0.2666666667,0.1666666667,0.03333333333,0,0,0,0.2,0.7333333333,0.2666666667,0.4666666667,0.06666666667,0.06666666667,0.1333333333,0.2,0,0.1,0.2666666667,0,0,0.1333333333,0.1333333333,0.1,0,0,0,0.2,0.1,0.6,0.1666666667,0,0,0,0.06666666667,0,0,0,0,0,0,0,0,0.1333333333,0.03333333333,0.1,0.2,0.03333333333,0.1333333333,0.1,0.03333333333,0.06666666667,0.03333333333,0.06666666667,0.03333333333,0.06666666667,0.1,0.03333333333,0,0,0,0,0,0,0.03333333333,0.03333333333,0.03333333333,0,0.03333333333,0.3,0.03333333333,0,0,0.1666666667,0,0.03333333333,0.03333333333,0,0.06666666667,0,0,0,0.03333333333,0,0.03333333333,0,0,0,0,0,0.06666666667,0.06666666667,0,0,0,0,0,0,0,0,0,0,0,0
屋内木育施設 もりのひみつきち,161,6,6,0,43,55,4.578947368,4.666666667,4.581699346,4.833333333,4.483221477,4.5,8.614906832,96,17,0.4906832298,4,0,0.6666666667,0,0.04347826087,0.5155279503,0.3664596273,0.03726708075,0.03105590062,0.006211180124,0,0,0,0.2608695652,0.7204968944,0.1366459627,0.06211180124,0.05590062112,0.03726708075,0.7080745342,0.01863354037,0.006211180124,0.01242236025,0.006211180124,0,0,0.006211180124,0,0.9192546584,0,0,0,0.1614906832,0.1677018634,0.2360248447,0.03726708075,0,0,0,0.03105590062,0,0,0,0,0,0,0.03105590062,0,0.006211180124,0.0248447205,0.0248447205,0.03105590062,0.07453416149,0.06211180124,0.1925465839,0.08695652174,0.1304347826,0.08074534161,0.09316770186,0.1118012422,0.05590062112,0.03105590062,0,0,0,0,0,0,0,0,0,0,0,0,0.03726708075,0.0248447205,0.006211180124,0.2919254658,0.4968944099,0.04347826087,0,0.006211180124,0.01863354037,0.01242236025,0.006211180124,0.006211180124,0.006211180124,0.006211180124,0.01863354037,0.006211180124,0.006211180124,0,0,0,0,0,0,0,0,0,0,0.006211180124,0,0,0,0,0,0,0
ガーデンホテル金沢,187,21,18,0.1666666667,38,20,4.342105263,3.19047619,4.324675325,3.285714286,4.47752809,4.285714286,7.636363636,67,43,0.128342246,8,2,0.2857142857,0.005347593583,0.1604278075,0.1978609626,0.1657754011,0.2834224599,0.1604278075,0.02673796791,0,0,0,0.5294117647,0.4652406417,0.4973262032,0.2941176471,0.1176470588,0.09090909091,0,0.4759358289,0.08021390374,0.08021390374,0.09090909091,0.0320855615,0,0.04812834225,0.1016042781,0.01069518717,0,0,0,0.08556149733,0.04812834225,0.5561497326,0.05882352941,0,0,0,0.04278074866,0,0,0,0,0,0,0.02139037433,0,0.3315508021,0.02139037433,0.02673796791,0.04812834225,0.1176470588,0.09625668449,0.1122994652,0.1336898396,0.1016042781,0.07486631016,0.04812834225,0.08556149733,0.05882352941,0.07486631016,0.0320855615,0.005347593583,0.01604278075,0,0.005347593583,0.01604278075,0.01069518717,0.02673796791,0.01604278075,0.02139037433,0.0320855615,0.04278074866,0.2032085561,0.09625668449,0.005347593583,0.02673796791,0.01069518717,0.01069518717,0,0.01604278075,0.01604278075,0.02139037433,0.05347593583,0.01604278075,0,0.0320855615,0.07486631016,0.02673796791,0.01604278075,0.005347593583,0,0,0.02673796791,0.02139037433,0,0.005347593583,0.005347593583,0,0.005347593583,0.02139037433,0.005347593583,0.005347593583,0,0.005347593583,0.005347593583,0.01069518717,0.02673796791
金沢国際ホテル,76,0,0,,85,125,4.338983051,,4.25,,4.362318841,,7.013157895,19,27,-0.1052631579,0,0,,0.01315789474,0.07894736842,0.1184210526,0.2631578947,0.3289473684,0.1447368421,0.05263157895,0,0,0,0.5,0.4736842105,0.5263157895,0.25,0.07894736842,0.1052631579,0.03947368421,0.2763157895,0.02631578947,0.01315789474,0.1578947368,0,0.01315789474,0.02631578947,0.01315789474,0.1710526316,0,0,0,0.2236842105,0.09210526316,0.3157894737,0.02631578947,0,0,0,0.05263157895,0,0,0,0,0,0,0.01315789474,0,0.1973684211,0.01315789474,0,0.03947368421,0.09210526316,0.1052631579,0.1315789474,0.06578947368,0.1578947368,0.07894736842,0.1184210526,0.09210526316,0.05263157895,0.05263157895,0,0,0,0.01315789474,0,0,0,0,0,0,0.02631578947,0.05263157895,0.09210526316,0.03947368421,0.02631578947,0.02631578947,0.1315789474,0.03947368421,0,0.1315789474,0.01315789474,0.01315789474,0.1315789474,0.02631578947,0.01315789474,0.02631578947,0.07894736842,0.02631578947,0.02631578947,0,0,0,0,0.01315789474,0,0.01315789474,0,0,0,0.02631578947,0,0,0,0,0,0,0.01315789474
加賀友禅会館（加賀友禅ミュージアムそめりあ）,38,4,4,0,124,72,4.514285714,4.25,4.4,2.75,4.605263158,4.5,7.815789474,14,6,0.2105263158,1,2,-0.25,0.07894736842,0.2368421053,0.07894736842,0.2631578947,0.2105263158,0.1315789474,0,0,0,0,0.3947368421,0.5,0.2631578947,0.2105263158,0.1315789474,0.1842105263,0.2105263158,0.1842105263,0.02631578947,0.1315789474,0.2105263158,0.02631578947,0,0.1052631579,0,0.1315789474,0,0,0,0.07894736842,0.1578947368,0.5526315789,0.1315789474,0,0,0,0.07894736842,0,0,0,0,0,0,0,0,0,0.02631578947,0,0.05263157895,0.05263157895,0.1052631579,0.05263157895,0.1052631579,0.07894736842,0.1315789474,0.07894736842,0.1052631579,0.07894736842,0.1315789474,0,0,0,0.02631578947,0,0,0,0,0,0,0.05263157895,0.1052631579,0.2631578947,0.02631578947,0.02631578947,0,0.1315789474,0.02631578947,0,0.02631578947,0.02631578947,0.05263157895,0.05263157895,0,0,0.02631578947,0.02631578947,0,0.02631578947,0,0,0,0,0,0,0,0.02631578947,0,0.05263157895,0.02631578947,0,0,0,0,0,0,0
金沢港クルーズターミナル,101,13,16,-0.1875,65,36,4.223529412,3.538461538,4.287234043,3.615384615,4.536842105,4.384615385,7.920792079,42,21,0.2079207921,4,2,0.1538461538,0.0198019802,0.1188118812,0.1584158416,0.1881188119,0.2871287129,0.1881188119,0.0396039604,0,0,0,0.3861386139,0.6138613861,0.2277227723,0.2574257426,0.1188118812,0.05940594059,0.3366336634,0.1386138614,0.06930693069,0.1188118812,0.2475247525,0,0,0.0396039604,0.0495049505,0.1683168317,0,0,0,0.1386138614,0.1485148515,0.4455445545,0.0396039604,0,0,0,0.06930693069,0,0,0,0,0,0,0.0495049505,0,0.06930693069,0.0396039604,0.05940594059,0.06930693069,0.1881188119,0.09900990099,0.1188118812,0.09900990099,0.0396039604,0.0198019802,0.1089108911,0.1089108911,0.0198019802,0.0297029703,0,0.0297029703,0,0,0.009900990099,0,0,0,0,0.0198019802,0.009900990099,0.009900990099,0.1584158416,0.07920792079,0.0297029703,0.1188118812,0.2772277228,0.0396039604,0,0.0198019802,0.0297029703,0,0.0396039604,0,0.0198019802,0.0198019802,0.0396039604,0.009900990099,0.009900990099,0.009900990099,0,0,0,0,0,0,0,0,0,0,0,0.009900990099,0,0,0,0,0.009900990099
妙立寺,118,11,17,-0.3529411765,55,43,4.575221239,4.363636364,4.634782609,4.454545455,4.623931624,4.090909091,8.906779661,80,7,0.6186440678,10,1,0.8181818182,0.008474576271,0.186440678,0.186440678,0.2033898305,0.2796610169,0.1101694915,0.02542372881,0,0,0,0.406779661,0.5762711864,0.406779661,0.4237288136,0.08474576271,0.0593220339,0.02542372881,0.06779661017,0.04237288136,0.2118644068,0.313559322,0.01694915254,0,0.1016949153,0.02542372881,0.07627118644,0,0,0,0.1440677966,0.1355932203,0.7033898305,0.07627118644,0,0,0,0.01694915254,0,0,0,0,0,0,0.01694915254,0,0.03389830508,0.03389830508,0.01694915254,0.01694915254,0.1101694915,0.09322033898,0.1186440678,0.05084745763,0.08474576271,0.1016949153,0.1016949153,0.1355932203,0.0593220339,0.07627118644,0.008474576271,0,0,0,0,0.01694915254,0,0.008474576271,0.01694915254,0.008474576271,0.07627118644,0.03389830508,0.1694915254,0.1101694915,0.03389830508,0.01694915254,0.008474576271,0.01694915254,0.008474576271,0,0.04237288136,0.0593220339,0.1016949153,0,0.03389830508,0.03389830508,0.07627118644,0.01694915254,0,0,0.008474576271,0,0.008474576271,0.008474576271,0.01694915254,0,0.008474576271,0,0.008474576271,0,0,0,0,0,0,0.03389830508,0.008474576271
兼六駐車場,253,23,9,1.555555556,26,18,4.553097345,4.217391304,4.555555556,4.260869565,4.620967742,4.565217391,8.486166008,139,33,0.418972332,12,2,0.4347826087,0.0395256917,0.185770751,0.2687747036,0.1581027668,0.2015810277,0.1225296443,0.02371541502,0,0,0,0.3873517787,0.5928853755,0.3320158103,0.3359683794,0.1067193676,0.05928853755,0.1660079051,0.07509881423,0.08300395257,0.09486166008,0.1699604743,0.03557312253,0,0.1660079051,0.0395256917,0.1541501976,0,0,0,0.2055335968,0.2806324111,0.6007905138,0.1660079051,0,0,0,0.03557312253,0,0,0,0,0,0,0.05928853755,0,0.02371541502,0.04347826087,0.04347826087,0.09090909091,0.09486166008,0.1225296443,0.1225296443,0.1264822134,0.05928853755,0.05533596838,0.07114624506,0.08695652174,0.02766798419,0.05533596838,0.01185770751,0,0.00395256917,0.01581027668,0.00790513834,0.00395256917,0.01185770751,0.00395256917,0.03557312253,0.01581027668,0.06324110672,0.02371541502,0.1304347826,0.05928853755,0.0395256917,0.02766798419,0.07509881423,0.01185770751,0,0.01976284585,0.03557312253,0.04743083004,0.1106719368,0.01581027668,0.01185770751,0.04347826087,0.05533596838,0.03557312253,0.01185770751,0.00395256917,0.01185770751,0,0.00395256917,0.00395256917,0.00790513834,0,0.00790513834,0,0,0.01976284585,0,0,0.00395256917,0,0.00790513834,0,0
茜や,42,0,0,,114,126,4.804878049,,4.80952381,,4.761904762,,9.404761905,34,1,0.7857142857,0,0,,0,0.2619047619,0.5714285714,0.09523809524,0.04761904762,0.02380952381,0,0,0,0,0.8571428571,0.1428571429,0.4047619048,0.4047619048,0.04761904762,0.04761904762,0.09523809524,0.3333333333,0.02380952381,0.619047619,0,0,0,0,0,0,0,0,0,0.119047619,0.2857142857,0.5238095238,0.119047619,0,0,0,0.1904761905,0,0,0,0,0,0,0.04761904762,0,0,0.02380952381,0,0.07142857143,0.3333333333,0.2857142857,0.1428571429,0,0.02380952381,0.04761904762,0,0.07142857143,0,0,0,0,0,0,0,0,0,0,0,0,0.07142857143,0.07142857143,0.1428571429,0.119047619,0.02380952381,0.09523809524,0.07142857143,0,0,0.02380952381,0.04761904762,0.09523809524,0.04761904762,0,0.04761904762,0,0.1428571429,0,0,0,0,0,0,0,0,0,0,0,0,0,0,0,0,0,0,0,0
夢ミルク館（ホリ牧場）,157,8,16,-0.5,44,49,4.583892617,4.5,4.540540541,4.5,4.533333333,4,8.598726115,90,15,0.4777070064,6,1,0.625,0.006369426752,0.2101910828,0.3121019108,0.2611464968,0.1464968153,0.05732484076,0.006369426752,0,0,0,0.3821656051,0.6114649682,0.2611464968,0.1082802548,0.05732484076,0.05095541401,0.5222929936,0.01910828025,0.1719745223,0.04458598726,0.1719745223,0.03184713376,0,0.08280254777,0,0.3630573248,0,0,0,0.2229299363,0.2484076433,0.5286624204,0.1146496815,0,0,0,0.04458598726,0,0,0,0,0,0,0.1656050955,0,0.01910828025,0.04458598726,0.02547770701,0.08280254777,0.08280254777,0.152866242,0.1592356688,0.101910828,0.1082802548,0.05095541401,0.05732484076,0.08280254777,0.03184713376,0.01910828025,0,0,0,0.006369426752,0,0,0,0.01910828025,0,0.0127388535,0.02547770701,0.01910828025,0.08917197452,0.04458598726,0,0.1146496815,0.3757961783,0.03184713376,0,0,0.03184713376,0,0.06369426752,0,0.01910828025,0.01910828025,0.06369426752,0.01910828025,0,0,0,0,0.006369426752,0,0,0,0,0,0,0,0,0,0,0.01910828025,0.01910828025,0,0
西田幾多郎記念館,39,2,9,-0.7777777778,122,94,4.578947368,5,4.641025641,5,4.552631579,4,7.923076923,17,9,0.2051282051,1,0,0.5,0.02564102564,0.1538461538,0.2051282051,0.1282051282,0.2820512821,0.1538461538,0.05128205128,0,0,0,0.3846153846,0.5897435897,0.1794871795,0.1538461538,0.1025641026,0.1794871795,0.3846153846,0.1794871795,0.1025641026,0.05128205128,0.4358974359,0.07692307692,0,0.07692307692,0.02564102564,0.02564102564,0,0,0,0.07692307692,0.07692307692,0.3846153846,0.02564102564,0,0,0,0.02564102564,0,0,0,0,0,0,0.07692307692,0,0.02564102564,0.05128205128,0.05128205128,0.05128205128,0.07692307692,0.2051282051,0.02564102564,0.07692307692,0.02564102564,0.07692307692,0.02564102564,0.2051282051,0.07692307692,0.05128205128,0.05128205128,0,0,0,0,0,0,0,0,0,0.05128205128,0.02564102564,0.1538461538,0.1025641026,0,0.1282051282,0.2307692308,0,0,0,0,0.02564102564,0.02564102564,0,0,0.02564102564,0.07692307692,0.07692307692,0,0,0,0,0,0,0,0,0,0,0,0,0,0,0,0,0,0,0.02564102564
香林坊地下駐車場,128,20,20,0,54,21,4.551724138,4,4.5,3.55,4.644067797,4.65,8.3203125,62,21,0.3203125,8,5,0.15,0.015625,0.15625,0.2421875,0.2421875,0.2578125,0.0703125,0.015625,0,0,0,0.3671875,0.6171875,0.2109375,0.1015625,0.03125,0.0390625,0.6171875,0.1953125,0.046875,0.0234375,0.265625,0,0,0.203125,0.0078125,0.140625,0,0,0,0.125,0.109375,0.359375,0,0,0,0,0.0390625,0,0,0,0,0,0,0,0,0.0390625,0.015625,0.015625,0.046875,0.1171875,0.0546875,0.1328125,0.109375,0.09375,0.0390625,0.125,0.109375,0.046875,0.09375,0,0.015625,0,0,0,0,0,0,0,0.015625,0,0.015625,0.0703125,0.015625,0.0234375,0.1796875,0.484375,0.046875,0,0.03125,0.0078125,0,0.03125,0,0.0078125,0.015625,0.0234375,0.0078125,0,0,0,0,0,0,0,0,0,0,0,0,0,0.0078125,0,0,0,0,0
のとじま水族館,4288,396,258,0.5348837209,1,1,4.565530962,4.320707071,4.589712335,4.398989899,4.632911392,4.446969697,8.611473881,2478,420,0.4799440299,247,26,0.5580808081,0.01842350746,0.197994403,0.3162313433,0.2325093284,0.1567164179,0.06366604478,0.01236007463,0.001865671642,0.0002332089552,0,0.4622201493,0.5254197761,0.2772854478,0.2168843284,0.07369402985,0.07112873134,0.3610074627,0.07882462687,0.1072761194,0.09724813433,0.1350279851,0.02145522388,0.0009328358209,0.05923507463,0.01212686567,0.3691697761,0.003964552239,0,0,0.1893656716,0.2905783582,0.4692164179,0.04314365672,0,0,0,0.03498134328,0,0,0,0,0,0,0.08558768657,0,0.01539179104,0.03055037313,0.03148320896,0.06972947761,0.1023787313,0.1277985075,0.1284981343,0.1054104478,0.09118470149,0.07975746269,0.07229477612,0.08955223881,0.03568097015,0.03568097015,0.007229477612,0.001399253731,0.001399253731,0.006296641791,0.001166044776,0.003264925373,0.004197761194,0.006296641791,0.006296641791,0.0109608209,0.03824626866,0.0291511194,0.07905783582,0.04057835821,0.0265858209,0.1539179104,0.2234141791,0.03614738806,0.004430970149,0.03568097015,0.03194962687,0.01725746269,0.0671641791,0.0109608209,0.01515858209,0.0202891791,0.04734141791,0.02821828358,0.008628731343,0.003731343284,0.001166044776,0.0009328358209,0.00536380597,0.004664179104,0.0006996268657,0.002798507463,0.003731343284,0.002565298507,0.0009328358209,0.004664179104,0.0006996268657,0.0004664179104,0.001399253731,0.0006996268657,0.001166044776,0.0009328358209,0.0006996268657
那谷寺,198,33,22,0.5,36,12,4.465116279,4.272727273,4.510638298,4.575757576,4.526041667,4.666666667,8.48989899,105,18,0.4393939394,18,4,0.4242424242,0.0202020202,0.05555555556,0.09595959596,0.1616161616,0.3383838384,0.2575757576,0.07070707071,0,0,0,0.4242424242,0.5454545455,0.4090909091,0.2373737374,0.08585858586,0.1060606061,0.1616161616,0.1212121212,0.06060606061,0.101010101,0.3686868687,0.005050505051,0,0.1262626263,0.005050505051,0.07070707071,0,0,0,0.3232323232,0.5202020202,0.4747474747,0.1161616162,0,0,0,0.0202020202,0,0,0,0,0,0,0.0202020202,0,0.0101010101,0.01515151515,0.0303030303,0.08080808081,0.1313131313,0.101010101,0.1060606061,0.1212121212,0.08585858586,0.07575757576,0.08585858586,0.05555555556,0.06060606061,0.05050505051,0.0202020202,0,0,0.005050505051,0,0,0,0.005050505051,0.005050505051,0.005050505051,0.01515151515,0.01515151515,0.1464646465,0.07575757576,0.03535353535,0.07070707071,0.1313131313,0.07070707071,0,0.01515151515,0.01515151515,0.0202020202,0.07575757576,0.0202020202,0.04545454545,0.02525252525,0.08585858586,0.0404040404,0.01515151515,0.005050505051,0.005050505051,0.005050505051,0,0,0,0,0,0,0,0.005050505051,0.005050505051,0.01515151515,0,0,0,0,0
道の駅めぐみ白山,115,5,12,-0.5833333333,56,62,4.475728155,4.2,4.547169811,4.2,4.570093458,4.2,8.234782609,62,16,0.4,2,0,0.4,0.008695652174,0.1391304348,0.1913043478,0.2608695652,0.2347826087,0.1304347826,0.02608695652,0.008695652174,0,0,0.3652173913,0.6260869565,0.2956521739,0.2347826087,0.07826086957,0.1565217391,0.2347826087,0.2434782609,0.07826086957,0.02608695652,0.3043478261,0,0,0.07826086957,0,0.2,0.01739130435,0,0,0.147826087,0.3043478261,0.6,0.06086956522,0,0,0,0.1130434783,0,0,0,0,0,0,0.1304347826,0,0.0347826087,0.09565217391,0.05217391304,0.08695652174,0.1043478261,0.1043478261,0.1130434783,0.1043478261,0.09565217391,0.06956521739,0.0347826087,0.1043478261,0.01739130435,0.01739130435,0.01739130435,0.008695652174,0,0.01739130435,0,0,0.008695652174,0,0.008695652174,0.02608695652,0.008695652174,0.01739130435,0.09565217391,0.0347826087,0.008695652174,0.06086956522,0.1565217391,0.06086956522,0,0.01739130435,0.01739130435,0.0347826087,0.1391304348,0.01739130435,0.01739130435,0.02608695652,0.09565217391,0.0347826087,0,0,0.008695652174,0,0.02608695652,0.01739130435,0,0,0,0,0,0.008695652174,0,0,0,0.008695652174,0,0,0
小松空港,2662,184,149,0.2348993289,2,2,4.261530664,3.130434783,4.272954092,3.092391304,4.552566019,4.385869565,7.851239669,1028,568,0.1728024042,67,46,0.1141304348,0.01314800902,0.1262208866,0.1769346356,0.192336589,0.2779864763,0.1844477836,0.02704733283,0.001878287002,0,0,0.4530428249,0.5274229902,0.2460555973,0.3557475582,0.1720510894,0.1476333584,0.07851239669,0.2764838467,0.05672426747,0.09654395192,0.2227648385,0.02554470323,0.001878287002,0.07700976709,0.05559729527,0.0807663411,0.006010518407,0,0.0003756574005,0.1450037566,0.2231404959,0.5341848234,0.05672426747,0,0,0,0.04320060105,0,0,0,0,0,0,0.03080390684,0,0.1374906086,0.03155522164,0.03080390684,0.05634861007,0.0871525169,0.09729526672,0.1232156273,0.0815176559,0.07700976709,0.07475582269,0.06987227648,0.1228399699,0.06461307288,0.0830202855,0.09804658152,0.002629601803,0,0.0007513148009,0.001126972201,0.0003756574005,0,0.01389932382,0.004883546206,0.0007513148009,0.03305785124,0.06386175808,0.2539444027,0.1465063862,0.001126972201,0.03456048084,0.07212622089,0.05184072126,0.003005259204,0.002253944403,0.002253944403,0.005259203606,0.003756574005,0.001126972201,0.001126972201,0.003380916604,0.006010518407,0.002629601803,0.001878287002,0.0003756574005,0.001878287002,0.001126972201,0.0003756574005,0.0003756574005,0.003380916604,0.001126972201,0.0003756574005,0.003380916604,0.002629601803,0.08978211871,0.01089406461,0.01239669421,0.01427498122,0.004883546206,0.006010518407,0.006010518407,0.02854996243
ふれあい昆虫館,521,12,8,0.5,16,38,4.574898785,4.166666667,4.593117409,4.583333333,4.621145374,4.416666667,8.512476008,287,59,0.4376199616,8,0,0.6666666667,0.001919385797,0.06525911708,0.4049904031,0.3646833013,0.122840691,0.03454894434,0.00575815739,0,0,0,0.3646833013,0.6257197697,0.1535508637,0.103646833,0.0575815739,0.06333973129,0.6218809981,0.03646833013,0.02495201536,0.01919385797,0.04798464491,0.001919385797,0,0.02879078695,0.001919385797,0.754318618,0.04222648752,0,0,0.09021113244,0.1477927063,0.2552783109,0.09404990403,0,0,0,0.04990403071,0,0,0,0,0,0,0.04606525912,0,0.009596928983,0.03262955854,0.02303262956,0.05182341651,0.09596928983,0.1151631478,0.1573896353,0.1074856046,0.09021113244,0.08637236084,0.08445297505,0.08637236084,0.02879078695,0.04030710173,0.003838771593,0.001919385797,0,0.001919385797,0.001919385797,0,0.00575815739,0,0,0.00575815739,0.01343570058,0.01727447217,0.03838771593,0.02111324376,0.003838771593,0.103646833,0.5316698656,0.08445297505,0,0.01151631478,0.01727447217,0.007677543186,0.04990403071,0.001919385797,0.01151631478,0.00575815739,0.02303262956,0.01727447217,0.001919385797,0,0,0,0.003838771593,0.003838771593,0,0.003838771593,0,0,0,0.001919385797,0,0,0,0,0,0,0.003838771593
いしかわ動物園,913,141,71,0.985915493,5,3,4.515815085,4.035460993,4.561032864,4.078014184,4.578078078,4.411347518,8.524644031,508,101,0.4457831325,83,13,0.4964539007,0.01861993428,0.1073384447,0.3658269441,0.2935377875,0.1270536692,0.07009857612,0.01533406353,0.002190580504,0,0,0.4370208105,0.5487404162,0.1993428258,0.1062431544,0.03066812705,0.05805038335,0.6056955093,0.06571741512,0.07228915663,0.03504928806,0.09638554217,0.00547645126,0.002190580504,0.03723986857,0.00547645126,0.5903614458,0.01861993428,0,0,0.1117196057,0.1763417306,0.2508214677,0.02519167579,0,0,0,0.02409638554,0,0,0,0,0,0,0.0295728368,0,0.008762322015,0.03395399781,0.04928806134,0.06681270537,0.1040525739,0.1095290252,0.139101862,0.121577218,0.1051478642,0.07995618839,0.05805038335,0.07557502738,0.03285870756,0.02409638554,0.002190580504,0,0,0.003285870756,0.002190580504,0.001095290252,0.001095290252,0.002190580504,0,0.003285870756,0.01752464403,0.009857612267,0.04162102957,0.01752464403,0.01642935378,0.134720701,0.3789704272,0.156626506,0.002190580504,0.006571741512,0.02190580504,0.006571741512,0.05805038335,0.008762322015,0.01095290252,0.01861993428,0.04052573932,0.02300109529,0.003285870756,0.002190580504,0.001095290252,0,0.001095290252,0,0,0,0.001095290252,0.002190580504,0.001095290252,0.001095290252,0,0,0,0.001095290252,0,0,0
航空プラザ,210,15,9,0.6666666667,32,30,4.60106383,4.466666667,4.621212121,4.666666667,4.598802395,4.2,8.49047619,118,26,0.4380952381,7,3,0.2666666667,0.009523809524,0.09047619048,0.3476190476,0.280952381,0.1571428571,0.1,0.01428571429,0,0,0,0.3666666667,0.6095238095,0.3,0.2761904762,0.07619047619,0.06666666667,0.280952381,0.0619047619,0.02857142857,0.06666666667,0.09047619048,0.01428571429,0.004761904762,0.09523809524,0.004761904762,0.5523809524,0.009523809524,0,0,0.2047619048,0.280952381,0.3619047619,0.03333333333,0,0,0,0.04761904762,0,0,0,0,0,0,0.04761904762,0,0.01904761905,0.04285714286,0.04285714286,0.05238095238,0.1,0.1095238095,0.1380952381,0.1,0.1095238095,0.04761904762,0.0619047619,0.07142857143,0.0619047619,0.0619047619,0.004761904762,0,0,0.004761904762,0,0,0.004761904762,0.009523809524,0.009523809524,0.009523809524,0.009523809524,0.01428571429,0.04285714286,0.07619047619,0.004761904762,0.08571428571,0.1952380952,0.08095238095,0.004761904762,0.01904761905,0.02380952381,0.03333333333,0.04761904762,0.02857142857,0.0380952381,0.0619047619,0.1095238095,0.02857142857,0.004761904762,0,0.004761904762,0,0,0.004761904762,0.004761904762,0.004761904762,0,0,0.004761904762,0.01904761905,0,0,0,0,0.004761904762,0,0
日本自動車博物館,167,11,12,-0.08333333333,42,44,4.54,4.545454545,4.587096774,4.545454545,4.614906832,4.636363636,8.497005988,94,22,0.4311377246,6,1,0.4545454545,0.02395209581,0.1556886228,0.1976047904,0.1916167665,0.2814371257,0.119760479,0.02395209581,0.005988023952,0,0,0.3473053892,0.6347305389,0.371257485,0.2574850299,0.1017964072,0.06586826347,0.2035928144,0.04191616766,0.125748503,0.06586826347,0.2395209581,0.03592814371,0.005988023952,0.08383233533,0.04790419162,0.1916167665,0.005988023952,0,0,0.2275449102,0.371257485,0.497005988,0.04790419162,0,0,0,0.02994011976,0,0,0,0,0,0,0.1317365269,0,0.03592814371,0.02994011976,0.02994011976,0.05389221557,0.125748503,0.1137724551,0.1377245509,0.09580838323,0.08982035928,0.08383233533,0.1137724551,0.05988023952,0.02395209581,0.04191616766,0.01796407186,0.005988023952,0,0.005988023952,0.005988023952,0,0,0.01796407186,0,0.005988023952,0.01796407186,0.04191616766,0.04790419162,0.04191616766,0.02395209581,0.03592814371,0.1017964072,0.05389221557,0,0.0119760479,0.02994011976,0.02395209581,0.1077844311,0.04191616766,0.05988023952,0.03592814371,0.09580838323,0.1017964072,0,0.005988023952,0,0.005988023952,0.005988023952,0.0119760479,0,0,0.005988023952,0,0.005988023952,0.0119760479,0.005988023952,0,0.005988023952,0,0,0,0
「安宅の関」こまつ勧進帳の里,83,0,0,,77,127,4.208955224,,4.260273973,,4.36,,7.734939759,31,19,0.1445783133,0,0,,0,0.07228915663,0.156626506,0.2048192771,0.3614457831,0.156626506,0.04819277108,0,0,0,0.3373493976,0.6506024096,0.3493975904,0.1807228916,0.03614457831,0.09638554217,0.3373493976,0.1204819277,0.02409638554,0.1204819277,0.265060241,0,0,0.2289156627,0.02409638554,0.09638554217,0.02409638554,0,0,0.1084337349,0.3614457831,0.4819277108,0.1204819277,0,0,0,0.06024096386,0,0,0,0,0,0,0.1325301205,0,0.02409638554,0.03614457831,0.03614457831,0.09638554217,0.1325301205,0.156626506,0.1204819277,0.02409638554,0.0843373494,0.06024096386,0.0843373494,0.07228915663,0.04819277108,0.04819277108,0,0,0,0,0,0,0.01204819277,0.01204819277,0,0,0.02409638554,0.03614457831,0.07228915663,0.04819277108,0.01204819277,0.02409638554,0.3975903614,0.07228915663,0,0.02409638554,0,0,0.1204819277,0.02409638554,0.01204819277,0,0.07228915663,0.01204819277,0.01204819277,0,0,0,0,0,0,0,0,0,0,0,0,0.01204819277,0,0,0,0,0
加賀伝統工芸村　ゆのくにの森,425,14,18,-0.2222222222,17,34,4.510204082,3.642857143,4.52685422,3.928571429,4.611979167,4.285714286,8.061176471,194,73,0.2847058824,6,4,0.1428571429,0.05882352941,0.1364705882,0.2305882353,0.2941176471,0.1505882353,0.08705882353,0.03764705882,0.004705882353,0,0,0.3764705882,0.6047058824,0.4705882353,0.2705882353,0.05176470588,0.04941176471,0.1576470588,0.02352941176,0.05411764706,0.1105882353,0.1388235294,0.03294117647,0.002352941176,0.1505882353,0.01176470588,0.3223529412,0.01647058824,0,0,0.3647058824,0.5035294118,0.4470588235,0.08,0,0,0,0.02117647059,0,0,0,0,0,0,0.02117647059,0,0.007058823529,0.05411764706,0.04941176471,0.06352941176,0.07764705882,0.1105882353,0.1129411765,0.1223529412,0.09176470588,0.05882352941,0.08,0.07764705882,0.04941176471,0.05176470588,0.007058823529,0,0,0.002352941176,0,0,0.002352941176,0.02117647059,0,0,0.02352941176,0.04235294118,0.1058823529,0.03529411765,0.02117647059,0.07529411765,0.1011764706,0.04705882353,0,0.004705882353,0.03529411765,0.01411764706,0.1152941176,0.03764705882,0.03764705882,0.03529411765,0.09882352941,0.06823529412,0.03529411765,0.01176470588,0,0.002352941176,0.002352941176,0.002352941176,0,0,0,0,0,0.01176470588,0.002352941176,0,0,0,0,0,0
小松市観光交流センター Komatsu九,306,1,5,-0.8,22,105,4.37295082,4,4.376984127,4,4.503968254,5,7.944444444,127,58,0.2254901961,1,0,1,0.006535947712,0.114379085,0.2058823529,0.2450980392,0.2777777778,0.1176470588,0.03267973856,0,0,0,0.3529411765,0.6274509804,0.2745098039,0.2875816993,0.1241830065,0.08823529412,0.2254901961,0.3594771242,0.07189542484,0.09150326797,0.1699346405,0.01307189542,0,0.07516339869,0.02941176471,0.09477124183,0.006535947712,0,0,0.137254902,0.2483660131,0.385620915,0.03267973856,0,0,0,0.1176470588,0,0,0,0,0,0,0.01960784314,0,0.1013071895,0.04901960784,0.02287581699,0.06209150327,0.1241830065,0.08823529412,0.1339869281,0.09477124183,0.1209150327,0.06862745098,0.0522875817,0.08169934641,0.03594771242,0.06535947712,0.02287581699,0,0,0,0,0.003267973856,0,0.01633986928,0.009803921569,0.003267973856,0.0522875817,0.03267973856,0.1764705882,0.09477124183,0.009803921569,0.02287581699,0.09803921569,0.03267973856,0.003267973856,0.009803921569,0.01960784314,0.003267973856,0.08169934641,0.01633986928,0.01633986928,0.03267973856,0.1013071895,0.05555555556,0.009803921569,0,0,0,0.01307189542,0.003267973856,0.003267973856,0.003267973856,0.003267973856,0.009803921569,0.003267973856,0.009803921569,0.003267973856,0,0.003267973856,0,0.003267973856,0,0.01633986928
たちばな四季亭,250,6,6,0,27,56,4.588235294,4.666666667,4.607142857,4.833333333,4.599033816,4,8.348,133,33,0.4,4,0,0.6666666667,0,0.064,0.252,0.104,0.228,0.284,0.068,0,0,0,0.376,0.616,0.688,0.192,0.076,0.036,0.008,0.004,0.064,0.064,0.384,0,0.004,0.188,0.016,0.104,0.012,0,0,0.756,0.808,0.696,0.084,0,0,0,0,0,0,0,0,0,0,0.016,0,0.024,0.024,0.056,0.064,0.072,0.108,0.108,0.04,0.076,0.072,0.044,0.16,0.04,0.136,0.012,0,0,0,0,0.004,0,0.012,0.012,0,0.052,0.008,0.088,0.036,0.008,0.108,0.14,0.056,0,0.008,0.04,0.036,0.084,0.012,0.028,0.044,0.104,0.068,0.012,0.004,0.004,0,0.004,0.004,0,0,0.004,0,0,0.004,0,0,0,0,0,0.004,0
湖畔の宿　森本,84,0,0,,75,128,4.618421053,,4.578947368,,4.594202899,,8.357142857,43,11,0.380952381,0,0,,0,0.1071428571,0.3214285714,0.1666666667,0.2023809524,0.1904761905,0.0119047619,0,0,0,0.4047619048,0.5714285714,0.7380952381,0.1547619048,0.08333333333,0.02380952381,0,0.02380952381,0.1071428571,0.08333333333,0.380952381,0,0,0.1666666667,0.0119047619,0.130952381,0,0,0,0.6547619048,0.8452380952,0.7023809524,0.1071428571,0,0,0,0,0,0,0,0,0,0,0.03571428571,0,0.02380952381,0.04761904762,0.03571428571,0.02380952381,0.130952381,0.09523809524,0.09523809524,0.08333333333,0.08333333333,0.05952380952,0.05952380952,0.1547619048,0.08333333333,0.04761904762,0.0119047619,0.0119047619,0,0.0119047619,0,0,0,0.0119047619,0,0.0119047619,0.0119047619,0.02380952381,0.09523809524,0.1071428571,0.0119047619,0.04761904762,0.09523809524,0.02380952381,0,0.02380952381,0.0119047619,0,0.119047619,0.03571428571,0.02380952381,0.04761904762,0.2023809524,0.0119047619,0.03571428571,0,0,0,0,0,0,0.0119047619,0,0,0,0,0,0,0,0,0,0,0
ゆのくに天祥,595,59,43,0.3720930233,12,5,4.57323689,4.457627119,4.629893238,4.677966102,4.622866894,4.644067797,8.751260504,364,51,0.5260504202,40,2,0.6440677966,0.01008403361,0.1697478992,0.2302521008,0.1848739496,0.1983193277,0.1630252101,0.04033613445,0.003361344538,0,0,0.4016806723,0.5865546218,0.6537815126,0.2621848739,0.05042016807,0.0268907563,0.006722689076,0.01176470588,0.07731092437,0.08739495798,0.2504201681,0.07394957983,0.003361344538,0.1596638655,0.03361344538,0.1647058824,0.003361344538,0,0,0.6,0.7899159664,0.6268907563,0.02857142857,0,0,0,0.01848739496,0,0,0,0,0,0,0.01344537815,0,0.04033613445,0.01176470588,0.02352941176,0.06386554622,0.1092436975,0.1344537815,0.131092437,0.08739495798,0.09411764706,0.07226890756,0.05042016807,0.1142857143,0.05210084034,0.05546218487,0.01512605042,0.001680672269,0.005042016807,0,0,0.005042016807,0.005042016807,0.01176470588,0.003361344538,0.01008403361,0.04369747899,0.03361344538,0.1277310924,0.05714285714,0.01848739496,0.06554621849,0.05378151261,0.0218487395,0,0.01512605042,0.06050420168,0.006722689076,0.08739495798,0.01680672269,0.03697478992,0.03529411765,0.1277310924,0.0487394958,0.01848739496,0.01176470588,0,0,0.006722689076,0.008403361345,0,0.003361344538,0.005042016807,0.003361344538,0,0.01176470588,0,0.003361344538,0.003361344538,0.001680672269,0.005042016807,0.001680672269,0.001680672269
変なホテル　小松駅前,92,2,2,0,69,95,4.405063291,0,4.4875,3.5,4.36,2,8.380434783,46,10,0.3913043478,0,1,-0.5,0,0.03260869565,0.1956521739,0.3586956522,0.2826086957,0.1086956522,0.01086956522,0.01086956522,0,0,0.8152173913,0.152173913,0.5434782609,0.1630434783,0.1086956522,0.1847826087,0,0.3913043478,0.05434782609,0.05434782609,0.09782608696,0.01086956522,0,0.02173913043,0.2282608696,0.05434782609,0.01086956522,0,0,0.1086956522,0.04347826087,0.1630434783,0.01086956522,0,0,0,0.04347826087,0,0,0,0,0,0,0,0,0.5326086957,0.01086956522,0.01086956522,0.02173913043,0.04347826087,0.07608695652,0.1739130435,0.09782608696,0.05434782609,0.09782608696,0.08695652174,0.152173913,0.1195652174,0.05434782609,0.02173913043,0,0.01086956522,0.01086956522,0,0,0.01086956522,0.02173913043,0.04347826087,0,0.07608695652,0.03260869565,0.08695652174,0.08695652174,0.01086956522,0.05434782609,0.05434782609,0.05434782609,0,0.01086956522,0.01086956522,0.04347826087,0.04347826087,0,0,0.09782608696,0.05434782609,0.0652173913,0.01086956522,0,0,0.01086956522,0,0.03260869565,0.01086956522,0,0,0,0,0.02173913043,0,0,0,0.01086956522,0,0,0
昭和湯治の宿 緑華苑,53,5,3,0.6666666667,98,63,4.489795918,4.6,4.48,4.4,4.375,4.2,7.811320755,20,11,0.1698113208,3,1,0.4,0,0.03773584906,0.2264150943,0.1886792453,0.2830188679,0.2264150943,0.01886792453,0.01886792453,0,0,0.5471698113,0.4339622642,0.3962264151,0.2264150943,0.09433962264,0.01886792453,0.2641509434,0.2075471698,0.09433962264,0.01886792453,0.320754717,0,0,0.07547169811,0,0.1886792453,0,0,0,0.3018867925,0.7735849057,0.3962264151,0.07547169811,0,0,0,0.07547169811,0,0,0,0,0,0,0.01886792453,0,0.05660377358,0.01886792453,0,0.1132075472,0.07547169811,0.1132075472,0.05660377358,0.1886792453,0.1132075472,0.07547169811,0.05660377358,0.07547169811,0.03773584906,0.07547169811,0.01886792453,0,0,0,0,0,0,0.03773584906,0.01886792453,0.03773584906,0.03773584906,0,0.01886792453,0,0.03773584906,0.07547169811,0.2075471698,0.07547169811,0,0.07547169811,0,0.07547169811,0.07547169811,0,0.07547169811,0,0.1132075472,0,0,0.01886792453,0,0,0,0,0,0,0,0,0,0,0,0,0,0,0,0,0
温泉めい想倶楽部　富士屋旅館,82,0,0,,79,129,4.366666667,,4.266666667,,4.533333333,,7.353658537,25,26,-0.01219512195,0,0,,0.01219512195,0.1219512195,0.3292682927,0.1463414634,0.2195121951,0.1097560976,0.03658536585,0.0243902439,0,0,0.4268292683,0.5731707317,0.6341463415,0.2804878049,0.06097560976,0.0243902439,0,0.0243902439,0.1829268293,0.09756097561,0.3170731707,0.0487804878,0,0.1219512195,0,0.1341463415,0.0243902439,0,0,0.5731707317,0.8414634146,0.6951219512,0.07317073171,0,0,0,0,0,0,0,0,0,0,0.01219512195,0,0,0.0243902439,0.0243902439,0.0487804878,0.09756097561,0.1707317073,0.1707317073,0.09756097561,0.06097560976,0.06097560976,0.1097560976,0.07317073171,0.0243902439,0.03658536585,0,0,0,0,0,0,0,0,0,0.01219512195,0.0487804878,0.06097560976,0.1097560976,0.03658536585,0,0.03658536585,0.1707317073,0.03658536585,0.01219512195,0.0243902439,0.06097560976,0.01219512195,0.08536585366,0.03658536585,0.01219512195,0.0243902439,0.1097560976,0.07317073171,0,0,0,0.01219512195,0.01219512195,0,0,0,0.01219512195,0,0,0,0,0,0,0,0,0,0
ウェルネスハウスSARAI,40,2,9,-0.7777777778,119,96,4.621621622,4,4.567567568,2,4.52173913,4,8.9,25,1,0.6,1,0,0.5,0,0.1,0.1,0.225,0.2,0.325,0.05,0,0,0,0.525,0.475,0.4,0.125,0,0.175,0.3,0.1,0.175,0.125,0.275,0.025,0,0.1,0,0.125,0,0,0,0.375,0.4,0.35,0.05,0,0,0,0.025,0,0,0,0,0,0,0.175,0,0.025,0.025,0.05,0.1,0.15,0.175,0.125,0.025,0.075,0.075,0.05,0.075,0.025,0.05,0,0,0,0,0,0,0.05,0,0,0,0,0.025,0.075,0.025,0,0.175,0.375,0.025,0,0,0,0.025,0.025,0.05,0,0,0.05,0,0.025,0,0,0,0,0,0.025,0,0,0,0,0.05,0,0,0,0,0,0,0
北陸自動車道　尼御前ＳＡ（上り）,34,4,5,-0.2,133,73,4.448275862,3.25,4.535714286,2.25,4.588235294,4.5,8.411764706,17,2,0.4411764706,1,0,0.25,0,0.1470588235,0.2941176471,0.08823529412,0.3529411765,0.08823529412,0.02941176471,0,0,0,0.3235294118,0.6764705882,0.3529411765,0.3529411765,0.1176470588,0,0.1764705882,0.1176470588,0,0.02941176471,0.4117647059,0.02941176471,0,0.1764705882,0,0.1470588235,0,0,0,0.1176470588,0.3529411765,0.5,0.02941176471,0,0,0,0.02941176471,0,0,0,0,0,0,0.08823529412,0,0.02941176471,0.02941176471,0,0.05882352941,0,0.1470588235,0.1176470588,0.05882352941,0.1470588235,0.1176470588,0.1176470588,0.08823529412,0.05882352941,0.05882352941,0,0,0,0,0,0,0,0,0,0,0.1176470588,0,0.08823529412,0,0.05882352941,0.05882352941,0.02941176471,0.08823529412,0,0,0,0,0.02941176471,0.05882352941,0.02941176471,0,0.2352941176,0,0.02941176471,0,0.05882352941,0,0,0,0.05882352941,0,0,0,0,0.02941176471,0,0,0,0,0,0.02941176471,0
北陸自動車道　尼御前ＳＡ（下り）,103,8,4,1,63,50,4.406976744,4,4.465116279,4,4.554347826,4.375,8.13592233,44,14,0.2912621359,2,1,0.125,0.01941747573,0.09708737864,0.2038834951,0.2524271845,0.2427184466,0.1747572816,0.009708737864,0,0,0,0.3106796117,0.6796116505,0.3786407767,0.2330097087,0.1067961165,0.1262135922,0.1553398058,0.07766990291,0.04854368932,0.06796116505,0.2718446602,0.009708737864,0,0.1650485437,0.01941747573,0.1650485437,0.02912621359,0,0,0.1262135922,0.2330097087,0.5242718447,0.01941747573,0,0,0,0.05825242718,0,0,0,0,0,0,0.1165048544,0,0.03883495146,0.009708737864,0.02912621359,0.03883495146,0.145631068,0.1650485437,0.09708737864,0.09708737864,0.05825242718,0.05825242718,0.06796116505,0.145631068,0.04854368932,0.03883495146,0.009708737864,0,0,0,0.009708737864,0,0,0.009708737864,0,0.009708737864,0.01941747573,0.009708737864,0.02912621359,0.02912621359,0.01941747573,0.1262135922,0.01941747573,0.06796116505,0,0,0,0.04854368932,0.1262135922,0.03883495146,0.06796116505,0.07766990291,0.1553398058,0.04854368932,0.01941747573,0.009708737864,0,0,0.01941747573,0,0,0,0.01941747573,0.009708737864,0,0,0,0,0,0,0,0,0
道の駅しらやまさん,31,3,3,0,141,81,3.913043478,1.333333333,4.238095238,1.333333333,4.5,4,6.903225806,7,13,-0.1935483871,0,1,-0.3333333333,0.03225806452,0.09677419355,0.1612903226,0.2580645161,0.2580645161,0.1612903226,0.03225806452,0,0,0,0.4516129032,0.5483870968,0.1935483871,0.06451612903,0.1290322581,0.09677419355,0.5161290323,0.1612903226,0.1290322581,0,0.4193548387,0,0,0.1290322581,0,0.09677419355,0,0,0,0.1290322581,0.3870967742,0.4193548387,0.1935483871,0,0,0,0.03225806452,0,0,0,0,0,0,0.1612903226,0,0,0.06451612903,0,0.03225806452,0.1935483871,0.09677419355,0.1935483871,0.09677419355,0.03225806452,0.06451612903,0.03225806452,0.03225806452,0.06451612903,0.09677419355,0,0.03225806452,0,0,0,0,0,0,0,0,0,0.1290322581,0.03225806452,0,0.06451612903,0.09677419355,0.4193548387,0.09677419355,0,0.03225806452,0,0,0.03225806452,0,0.03225806452,0,0,0,0,0,0,0,0,0.03225806452,0,0,0,0,0,0,0,0,0,0,0,0,0
白峰温泉総湯,110,5,2,1.5,60,64,4.542857143,5,4.523809524,4.8,4.471153846,4.6,8.790909091,66,7,0.5363636364,4,0,0.8,0.009090909091,0.06363636364,0.1727272727,0.2,0.3454545455,0.1909090909,0.01818181818,0,0,0,0.5181818182,0.4727272727,0.2181818182,0.1,0.01818181818,0.03636363636,0.6272727273,0.1727272727,0.04545454545,0.1818181818,0.3363636364,0.01818181818,0,0.04545454545,0.009090909091,0.08181818182,0,0,0,0.09090909091,0.7454545455,0.3090909091,0.03636363636,0,0,0,0.009090909091,0,0,0,0,0,0,0.09090909091,0,0.02727272727,0.04545454545,0.01818181818,0.06363636364,0.1272727273,0.1090909091,0.1090909091,0.06363636364,0.1,0.1363636364,0.04545454545,0.1181818182,0.01818181818,0.04545454545,0.009090909091,0,0,0,0,0,0,0.009090909091,0,0.009090909091,0,0.009090909091,0.05454545455,0.01818181818,0.009090909091,0.009090909091,0.3090909091,0.2727272727,0,0.009090909091,0.02727272727,0.01818181818,0.07272727273,0,0.02727272727,0,0.07272727273,0.02727272727,0.01818181818,0,0,0,0,0,0,0,0,0,0,0.009090909091,0,0,0,0,0,0.009090909091,0
大江戸温泉物語Premium よしのや依緑園,138,6,9,-0.3333333333,52,57,4.482758621,2.166666667,4.418032787,3.166666667,4.496240602,4,8.166666667,71,22,0.3550724638,1,3,-0.3333333333,0.007246376812,0.07971014493,0.09420289855,0.1304347826,0.384057971,0.2101449275,0.08695652174,0.007246376812,0,0,0.4492753623,0.5217391304,0.8188405797,0.1376811594,0.02173913043,0.01449275362,0.007246376812,0.1666666667,0.02898550725,0.05797101449,0.3550724638,0.01449275362,0.007246376812,0.115942029,0.007246376812,0.115942029,0.03623188406,0,0,0.7028985507,0.8115942029,0.5144927536,0.05072463768,0,0,0,0.007246376812,0,0,0,0,0,0,0.02898550725,0,0,0.01449275362,0.05797101449,0.0652173913,0.1231884058,0.07246376812,0.1231884058,0.09420289855,0.1304347826,0.07971014493,0.0652173913,0.07246376812,0.05072463768,0.05072463768,0.01449275362,0,0,0,0,0,0.007246376812,0,0.01449275362,0,0.01449275362,0,0.01449275362,0.01449275362,0,0.07246376812,0.1304347826,0.1014492754,0,0.007246376812,0.115942029,0.007246376812,0.07971014493,0.02173913043,0.03623188406,0.01449275362,0.2246376812,0.03623188406,0.03623188406,0.007246376812,0,0,0,0,0,0,0,0.007246376812,0,0.01449275362,0,0,0,0,0,0,0.007246376812
山中温泉総湯（菊の湯）,43,2,4,-0.5,110,97,4.358974359,2.5,4.384615385,2.5,4.512195122,4.5,8.186046512,20,7,0.3023255814,1,1,0,0.02325581395,0.09302325581,0.2558139535,0.1627906977,0.3023255814,0.06976744186,0.06976744186,0.02325581395,0,0,0.3255813953,0.6744186047,0.3720930233,0.1627906977,0.06976744186,0.1162790698,0.2790697674,0.3023255814,0.06976744186,0.09302325581,0.1860465116,0,0,0.1162790698,0,0.1162790698,0,0,0,0.3488372093,0.8372093023,0.6279069767,0,0,0,0,0.06976744186,0,0,0,0,0,0,0.06976744186,0,0,0.04651162791,0,0.06976744186,0.04651162791,0.1860465116,0.1162790698,0.1627906977,0.04651162791,0.04651162791,0.06976744186,0.09302325581,0.02325581395,0.09302325581,0,0,0,0,0,0,0,0,0,0,0.02325581395,0.04651162791,0.1395348837,0.06976744186,0,0.04651162791,0.1162790698,0.1162790698,0,0.02325581395,0.02325581395,0.02325581395,0.04651162791,0,0.06976744186,0.02325581395,0.1162790698,0.04651162791,0.04651162791,0,0,0,0,0,0.02325581395,0,0,0,0,0,0,0,0,0,0,0,0
片山津温泉　総湯,47,3,0,,104,82,4.333333333,4.333333333,4.409090909,4.666666667,4.5,4.666666667,7.936170213,19,7,0.2553191489,2,0,0.6666666667,0,0.06382978723,0.170212766,0.170212766,0.3829787234,0.2127659574,0,0,0,0,0.4893617021,0.5106382979,0.2765957447,0.1914893617,0.06382978723,0.08510638298,0.3829787234,0.170212766,0,0.08510638298,0.4468085106,0,0,0.1063829787,0,0.04255319149,0,0,0,0.2340425532,0.7872340426,0.4893617021,0.1063829787,0,0,0,0,0,0,0,0,0,0,0.06382978723,0,0,0,0.02127659574,0.08510638298,0.1276595745,0.02127659574,0.08510638298,0.08510638298,0.02127659574,0.1489361702,0.1489361702,0.1063829787,0.1063829787,0.04255319149,0.02127659574,0,0,0,0,0,0,0,0.02127659574,0,0.06382978723,0,0.2127659574,0.08510638298,0,0.08510638298,0.170212766,0.06382978723,0,0,0.02127659574,0,0.04255319149,0.02127659574,0.04255319149,0.02127659574,0.06382978723,0,0.02127659574,0,0,0,0.02127659574,0,0,0,0.02127659574,0,0,0,0,0,0,0,0,0,0
月うさぎの里,249,10,18,-0.4444444444,28,45,4.481981982,3.4,4.481818182,3.5,4.489451477,4,7.899598394,95,48,0.1887550201,2,4,-0.2,0.03212851406,0.1365461847,0.3493975904,0.2489959839,0.1325301205,0.07630522088,0.01606425703,0.008032128514,0,0,0.4337349398,0.562248996,0.5341365462,0.1044176707,0.0562248996,0.03212851406,0.2730923695,0.03212851406,0.0843373494,0.05220883534,0.1686746988,0.04016064257,0,0.04819277108,0,0.4457831325,0.01204819277,0,0,0.3694779116,0.4779116466,0.4979919679,0.04417670683,0,0,0,0.02008032129,0,0,0,0,0,0,0.03614457831,0,0.01204819277,0.03614457831,0.0281124498,0.07228915663,0.08835341365,0.1004016064,0.1767068273,0.09638554217,0.09236947791,0.07228915663,0.08835341365,0.1004016064,0.01606425703,0.03212851406,0,0,0,0,0.004016064257,0,0,0,0,0.004016064257,0,0,0.05220883534,0.02409638554,0.01606425703,0.07228915663,0.1767068273,0.1004016064,0,0.02008032129,0.0562248996,0.004016064257,0.1646586345,0.01606425703,0.0281124498,0.03212851406,0.1204819277,0.04417670683,0.02409638554,0,0.008032128514,0,0.008032128514,0.01204819277,0,0.004016064257,0,0.004016064257,0,0,0,0,0,0,0,0.004016064257,0
かがにこにこパーク,105,6,2,2,62,58,4.639175258,3.666666667,4.628865979,3.666666667,4.568627451,4,8.533333333,64,13,0.4857142857,5,1,0.6666666667,0.009523809524,0.04761904762,0.4476190476,0.3619047619,0.02857142857,0.09523809524,0.009523809524,0,0,0,0.4666666667,0.5142857143,0.2952380952,0.05714285714,0.02857142857,0.07619047619,0.5428571429,0,0,0.009523809524,0.01904761905,0,0,0,0,0.9619047619,0,0,0,0.2571428571,0.3142857143,0.2666666667,0.02857142857,0,0,0,0.01904761905,0,0,0,0,0,0,0.02857142857,0,0.009523809524,0.009523809524,0.009523809524,0.02857142857,0.05714285714,0.1047619048,0.1238095238,0.09523809524,0.180952381,0.1238095238,0.06666666667,0.1238095238,0.02857142857,0.04761904762,0,0,0,0,0,0,0,0,0,0,0.0380952381,0,0.04761904762,0.01904761905,0.01904761905,0.1047619048,0.3142857143,0.2857142857,0,0.009523809524,0.009523809524,0,0.05714285714,0,0.0380952381,0.009523809524,0.009523809524,0.01904761905,0.009523809524,0,0,0,0,0,0.009523809524,0,0,0,0,0,0,0,0,0,0,0,0
山代温泉　総湯,241,16,24,-0.3333333333,30,28,4.490825688,4.375,4.506912442,4.3125,4.577586207,4.625,8.269709544,112,29,0.3443983402,10,1,0.5625,0.02489626556,0.153526971,0.22406639,0.1784232365,0.244813278,0.1244813278,0.04564315353,0.004149377593,0,0,0.4066390041,0.5892116183,0.4107883817,0.244813278,0.08298755187,0.09128630705,0.1701244813,0.1244813278,0.1203319502,0.1369294606,0.2489626556,0.008298755187,0,0.09128630705,0.02074688797,0.1369294606,0,0,0,0.3817427386,0.7385892116,0.6182572614,0.07468879668,0,0,0,0.03319502075,0,0,0,0,0,0,0.04564315353,0,0.02489626556,0.04979253112,0.03319502075,0.08298755187,0.08713692946,0.132780083,0.1161825726,0.0622406639,0.09958506224,0.08298755187,0.04979253112,0.1078838174,0.03319502075,0.0622406639,0.008298755187,0,0,0.01244813278,0,0.008298755187,0.004149377593,0.008298755187,0,0,0.03734439834,0.03319502075,0.1078838174,0.09128630705,0.008298755187,0.05394190871,0.08298755187,0.04979253112,0,0.01244813278,0.04564315353,0.004149377593,0.1078838174,0.02904564315,0.03319502075,0.05809128631,0.07053941909,0.03734439834,0,0.008298755187,0.008298755187,0.01244813278,0.01244813278,0,0.004149377593,0,0,0.01659751037,0,0.02489626556,0,0,0,0,0,0.004149377593,0.004149377593
法師旅館,339,3,6,-0.5,19,83,4.493377483,3,4.45631068,1.666666667,4.47734139,4.333333333,8.135693215,155,51,0.3067846608,1,1,0,0.005899705015,0.1268436578,0.1740412979,0.1533923304,0.2123893805,0.2566371681,0.07079646018,0,0,0,0.3805309735,0.598820059,0.5958702065,0.2241887906,0.08554572271,0.08554572271,0.008849557522,0.03539823009,0.08554572271,0.0796460177,0.4424778761,0.008849557522,0.008849557522,0.1120943953,0.01179941003,0.09734513274,0.002949852507,0,0,0.6548672566,0.8053097345,0.5663716814,0.0796460177,0,0,0,0.01769911504,0,0,0,0,0,0,0.03539823009,0,0.005899705015,0.03244837758,0.05014749263,0.08259587021,0.08554572271,0.1002949853,0.1032448378,0.08554572271,0.1091445428,0.06194690265,0.07669616519,0.09144542773,0.0383480826,0.08259587021,0.008849557522,0.005899705015,0,0.002949852507,0,0.002949852507,0.002949852507,0.002949852507,0.005899705015,0.005899705015,0.02064896755,0.02654867257,0.1150442478,0.06194690265,0.005899705015,0.1061946903,0.07079646018,0.05899705015,0,0,0.0412979351,0.02064896755,0.1238938053,0.008849557522,0.02359882006,0.04719764012,0.09144542773,0.07669616519,0.01769911504,0.002949852507,0.002949852507,0,0.01179941003,0.008849557522,0.002949852507,0,0.002949852507,0,0.002949852507,0,0,0.005899705015,0,0,0,0,0.002949852507
道の駅「こまつ木場潟」,55,6,3,1,96,59,4.409090909,3,4.547619048,2.666666667,4.52,3.5,7.963636364,23,13,0.1818181818,2,2,0,0,0.1636363636,0.1818181818,0.2,0.2545454545,0.1818181818,0.01818181818,0,0,0,0.3636363636,0.6181818182,0.3272727273,0.2181818182,0.03636363636,0.05454545455,0.3636363636,0.07272727273,0.03636363636,0.03636363636,0.3818181818,0.01818181818,0,0.2,0,0.1454545455,0,0,0,0.2727272727,0.4727272727,0.6,0.1090909091,0,0,0,0.09090909091,0,0,0,0,0,0,0.09090909091,0,0.01818181818,0.03636363636,0.03636363636,0.1272727273,0.07272727273,0.09090909091,0.09090909091,0.09090909091,0.03636363636,0.07272727273,0.1454545455,0.1272727273,0.03636363636,0.03636363636,0,0,0,0,0.01818181818,0,0,0,0,0,0.01818181818,0.01818181818,0.07272727273,0.01818181818,0,0.07272727273,0.2,0.1454545455,0,0.01818181818,0.03636363636,0,0.2,0,0,0.01818181818,0.09090909091,0.05454545455,0,0,0,0,0.01818181818,0,0,0,0,0,0,0,0,0,0,0,0,0,0
ポイントバケーション加賀山中,408,14,12,0.1666666667,18,35,4.375690608,4.142857143,4.385674931,4.214285714,4.424242424,4.428571429,7.928921569,157,67,0.2205882353,6,2,0.2857142857,0.007352941176,0.02205882353,0.04411764706,0.04411764706,0.2083333333,0.487745098,0.181372549,0.004901960784,0,0,0.5367647059,0.4558823529,0.262254902,0.3774509804,0.1985294118,0.1593137255,0.002450980392,0.01470588235,0.004901960784,0.05147058824,0.6029411765,0,0.004901960784,0.08088235294,0.002450980392,0.09068627451,0.009803921569,0,0,0.5343137255,0.7818627451,0.6102941176,0.125,0,0,0,0.02450980392,0,0,0,0,0,0,0.05637254902,0,0.002450980392,0.0318627451,0.02205882353,0.08823529412,0.08823529412,0.1593137255,0.1102941176,0.08578431373,0.08088235294,0.0637254902,0.07843137255,0.1102941176,0.05147058824,0.02941176471,0.004901960784,0,0,0,0,0,0,0.007352941176,0,0.009803921569,0.02696078431,0.02696078431,0.07598039216,0.0637254902,0.002450980392,0.01960784314,0.02205882353,0.01715686275,0.009803921569,0.01715686275,0.03431372549,0.01715686275,0.1200980392,0.04411764706,0.05392156863,0.07352941176,0.193627451,0.1004901961,0.02450980392,0.002450980392,0,0,0.01225490196,0.01470588235,0,0,0,0.002450980392,0,0,0,0,0.002450980392,0,0,0,0
湯快リゾート 縁起の宿 矢田屋松濤園,33,0,0,,136,130,4.606060606,,4.5625,,4.575757576,,9.03030303,21,0,0.6363636364,0,0,,0,0.09090909091,0.1212121212,0.1818181818,0.3939393939,0.2121212121,0,0,0,0,0.4242424242,0.5757575758,0.6666666667,0.303030303,0.0303030303,0,0,0.0303030303,0,0,0.3939393939,0,0,0.3333333333,0,0.06060606061,0,0,0,0.7575757576,0.7272727273,0.6363636364,0.09090909091,0,0,0,0.06060606061,0,0,0,0,0,0,0,0,0,0,0,0,0.1515151515,0.0303030303,0.09090909091,0.2424242424,0.1212121212,0.1212121212,0.0303030303,0.1515151515,0.0303030303,0.0303030303,0,0,0,0.0303030303,0,0,0,0,0,0,0,0,0.06060606061,0.0303030303,0.0303030303,0.09090909091,0.0303030303,0.0303030303,0,0,0,0,0.2424242424,0,0,0,0.303030303,0.09090909091,0.0303030303,0.0303030303,0,0,0,0,0,0,0,0,0,0,0,0,0,0,0,0,0
スーパーホテル石川・能美根上スマートインター,34,0,0,,134,131,4.7,,4.625,,4.515151515,,8.235294118,18,6,0.3529411765,0,0,,0.02941176471,0,0.1176470588,0.1764705882,0.5,0.1176470588,0,0.05882352941,0,0,0.4411764706,0.5588235294,0.4705882353,0.2941176471,0.08823529412,0.1470588235,0,0.2058823529,0.08823529412,0,0.2647058824,0,0,0.1176470588,0.08823529412,0.08823529412,0,0,0,0.1470588235,0.1764705882,0.2352941176,0,0,0,0,0.02941176471,0,0,0,0,0,0,0.08823529412,0,0.3235294118,0,0.08823529412,0.02941176471,0.02941176471,0.2352941176,0.1470588235,0.1470588235,0.02941176471,0.1176470588,0.02941176471,0.05882352941,0.02941176471,0.05882352941,0,0,0,0,0,0,0,0,0.05882352941,0,0.02941176471,0.05882352941,0,0.05882352941,0,0,0.08823529412,0,0,0.02941176471,0.02941176471,0.05882352941,0.1764705882,0,0.08823529412,0.05882352941,0.1470588235,0.08823529412,0,0,0,0,0,0,0,0.02941176471,0,0,0,0,0,0,0,0,0,0,0
お花見久兵衛,37,0,0,,127,132,4.411764706,,4.470588235,,4.444444444,,7.972972973,19,8,0.2972972973,0,0,,0,0.1081081081,0.2432432432,0.1621621622,0.2162162162,0.1621621622,0.1081081081,0,0,0,0.3513513514,0.6486486486,0.5945945946,0.2162162162,0.1351351351,0,0.05405405405,0.05405405405,0.1081081081,0.1081081081,0.1891891892,0,0,0.1891891892,0,0.2972972973,0.02702702703,0,0,0.6756756757,0.8378378378,0.5945945946,0.1891891892,0,0,0,0,0,0,0,0,0,0,0,0,0,0,0.02702702703,0.05405405405,0.1351351351,0.1081081081,0.2432432432,0.08108108108,0.02702702703,0.1081081081,0.02702702703,0.1351351351,0.02702702703,0.02702702703,0,0,0,0.02702702703,0,0,0,0,0,0,0,0.05405405405,0.08108108108,0.02702702703,0,0.2432432432,0.05405405405,0.1081081081,0,0,0.02702702703,0.02702702703,0.1081081081,0,0.08108108108,0.05405405405,0.05405405405,0.02702702703,0,0,0,0.02702702703,0,0,0,0,0,0,0,0,0,0,0,0,0,0,0
能美ふるさとミュージアム,31,0,5,-1,142,133,4.5,,4.464285714,,4.586206897,,7.580645161,11,9,0.06451612903,0,0,,0.03225806452,0.06451612903,0.2258064516,0.1935483871,0.2580645161,0.1612903226,0.06451612903,0,0,0,0.2903225806,0.7096774194,0.1290322581,0.1612903226,0.06451612903,0.03225806452,0.6129032258,0.1935483871,0,0.09677419355,0.2258064516,0,0.03225806452,0.1612903226,0,0.2580645161,0,0,0,0.09677419355,0.1612903226,0.3225806452,0.09677419355,0,0,0,0.2903225806,0,0,0,0,0,0,0.09677419355,0,0,0.06451612903,0.06451612903,0.06451612903,0.1935483871,0,0.2258064516,0.09677419355,0.1612903226,0,0,0.03225806452,0.03225806452,0.06451612903,0,0,0,0,0,0,0,0,0,0,0.03225806452,0,0.1290322581,0.03225806452,0,0.09677419355,0.5483870968,0.06451612903,0,0,0,0,0,0,0.03225806452,0,0.06451612903,0,0,0,0,0,0,0,0,0,0,0,0,0,0,0,0,0,0,0,0
リブマックスリゾート加賀山代,36,0,0,,129,134,4.363636364,,4.3,,4.411764706,,7.75,13,9,0.1111111111,0,0,,0,0.05555555556,0.02777777778,0.1388888889,0.3055555556,0.3333333333,0.1388888889,0,0,0,0.4166666667,0.5833333333,0.6944444444,0.1944444444,0.05555555556,0.02777777778,0.02777777778,0.1111111111,0.1111111111,0.05555555556,0.4166666667,0,0,0.08333333333,0,0.05555555556,0,0,0,0.6111111111,0.6666666667,0.4722222222,0.1111111111,0,0,0,0.02777777778,0,0,0,0,0,0,0.02777777778,0,0.05555555556,0.05555555556,0.05555555556,0.1666666667,0.1666666667,0.1666666667,0.1111111111,0.08333333333,0.05555555556,0.02777777778,0.05555555556,0,0.02777777778,0.02777777778,0,0,0,0,0,0,0,0.02777777778,0,0,0,0,0.02777777778,0,0,0.05555555556,0.2222222222,0.1111111111,0,0,0.02777777778,0,0.2222222222,0.02777777778,0.1111111111,0,0.1388888889,0,0,0,0,0,0.02777777778,0,0,0,0,0,0,0,0,0,0,0,0,0,0
道の駅瀬女,32,8,3,1.666666667,139,51,4.586206897,4.625,4.483870968,4.5,4.53125,4.75,8.53125,17,4,0.40625,2,1,0.125,0.03125,0.1875,0.21875,0.25,0.21875,0.0625,0.03125,0,0,0,0.375,0.625,0.21875,0.0625,0.0625,0.0625,0.59375,0.0625,0.15625,0.125,0.3125,0,0,0.125,0,0.21875,0,0,0,0.15625,0.40625,0.4375,0.15625,0,0,0,0.0625,0,0,0,0,0,0,0.3125,0,0.03125,0.0625,0.0625,0.125,0.15625,0.125,0.03125,0.0625,0.09375,0.0625,0.03125,0.03125,0.03125,0.125,0.03125,0,0,0,0,0.03125,0,0,0,0,0,0,0,0,0,0.125,0.46875,0.1875,0,0,0,0,0,0,0.03125,0,0.09375,0.03125,0,0,0,0,0,0,0,0,0,0,0,0,0,0,0,0,0,0,0
加賀市観光情報センター　KAGA旅・まちネット,112,0,0,,57,135,4.285714286,,4.280487805,,4.504504505,,7.473214286,40,34,0.05357142857,0,0,,0,0.1160714286,0.2321428571,0.1964285714,0.2410714286,0.125,0.08928571429,0,0,0,0.3125,0.6696428571,0.4464285714,0.3571428571,0.08035714286,0.07142857143,0.04464285714,0.1428571429,0.1607142857,0.08928571429,0.2767857143,0,0,0.1428571429,0.008928571429,0.08035714286,0,0,0,0.6160714286,0.7410714286,0.6607142857,0.09821428571,0,0,0,0.03571428571,0,0,0,0,0,0,0.01785714286,0,0.01785714286,0.03571428571,0.008928571429,0.08928571429,0.1696428571,0.1160714286,0.1160714286,0.05357142857,0.08928571429,0.03571428571,0.02678571429,0.07142857143,0.08035714286,0.1071428571,0,0.01785714286,0,0,0,0,0,0.02678571429,0.008928571429,0,0.02678571429,0.02678571429,0.2232142857,0.05357142857,0,0.04464285714,0.05357142857,0.03571428571,0,0.01785714286,0.01785714286,0.008928571429,0.07142857143,0.03571428571,0.02678571429,0.02678571429,0.125,0.07142857143,0.02678571429,0,0,0,0.01785714286,0,0.008928571429,0,0.008928571429,0,0,0,0.008928571429,0.008928571429,0,0,0,0,0
加賀の宿宝生亭,100,17,22,-0.2272727273,66,27,4.489130435,3.941176471,4.466666667,3.352941176,4.5,4.058823529,8.44,50,8,0.42,8,2,0.3529411765,0,0.2,0.52,0.1,0.1,0.06,0.02,0,0,0,0.48,0.51,0.85,0.05,0.07,0.03,0,0.03,0,0.04,0.08,0,0,0.02,0.03,0.76,0.01,0,0,0.73,0.69,0.39,0.03,0,0,0,0.03,0,0,0,0,0,0,0,0,0.01,0.02,0.01,0.03,0.04,0.08,0.14,0.2,0.16,0.12,0.09,0.05,0.01,0.05,0.03,0,0,0.01,0,0,0,0,0,0.01,0.01,0,0.04,0.02,0.01,0.16,0.2,0.18,0,0.01,0.04,0,0.1,0,0.03,0.02,0.08,0.01,0,0,0,0,0.03,0.01,0,0,0,0,0,0,0,0,0,0,0,0,0
九谷セラミック・ラボラトリー（CERABO KUTANI）,50,0,1,-1,101,136,4.446808511,,4.555555556,,4.659574468,,8.12,22,8,0.28,0,0,,0.04,0.22,0.22,0.22,0.26,0.04,0,0,0,0,0.4,0.56,0.4,0.18,0.08,0.1,0.24,0.04,0.18,0.2,0.18,0.06,0,0.06,0.14,0.06,0,0,0,0.24,0.52,0.56,0.02,0,0,0,0.08,0,0,0,0,0,0,0.04,0,0.06,0.04,0.02,0.1,0.14,0.1,0.08,0.06,0.14,0.04,0.08,0.1,0.02,0.08,0.02,0,0,0,0,0,0,0,0,0,0.02,0.22,0.12,0.08,0,0.02,0.2,0.08,0,0,0,0,0.04,0,0.06,0.04,0.04,0,0,0,0,0,0.04,0,0,0,0,0,0,0,0,0,0,0,0,0,0.02
トレインパーク白山,736,36,50,-0.28,9,7,4.529061103,4.027777778,4.545454545,3.944444444,4.547008547,4.333333333,8.315217391,352,87,0.3600543478,18,4,0.3888888889,0.008152173913,0.09239130435,0.3831521739,0.2717391304,0.1698369565,0.05842391304,0.01630434783,0,0,0,0.4701086957,0.5122282609,0.2391304348,0.2051630435,0.08831521739,0.1019021739,0.3654891304,0.09375,0.03668478261,0.03804347826,0.08423913043,0.006793478261,0,0.03940217391,0.004076086957,0.620923913,0,0,0,0.125,0.1616847826,0.3532608696,0.02717391304,0,0,0,0.04891304348,0,0,0,0,0,0,0.05570652174,0,0.01766304348,0.03260869565,0.02581521739,0.04211956522,0.08967391304,0.1236413043,0.1304347826,0.1073369565,0.08831521739,0.09510869565,0.07880434783,0.09375,0.04483695652,0.04755434783,0.002717391304,0,0,0.008152173913,0.001358695652,0.002717391304,0.001358695652,0.006793478261,0.008152173913,0.002717391304,0.02989130435,0.02038043478,0.1127717391,0.04483695652,0.009510869565,0.1263586957,0.1929347826,0.07336956522,0,0.01222826087,0.0339673913,0.009510869565,0.08559782609,0.006793478261,0.01902173913,0.02717391304,0.06657608696,0.04211956522,0.008152173913,0.006793478261,0,0.002717391304,0.004076086957,0.008152173913,0.002717391304,0.001358695652,0,0,0.005434782609,0.008152173913,0.001358695652,0,0.002717391304,0.001358695652,0,0,0
和餐　伸,33,1,0,,137,106,4.75,5,4.75,5,4.727272727,5,8.575757576,22,4,0.5454545455,1,0,1,0,0.1818181818,0.09090909091,0.1212121212,0.1818181818,0.3333333333,0.09090909091,0,0,0,0.5151515152,0.4848484848,0.2121212121,0.1515151515,0,0.06060606061,0.5757575758,0.06060606061,0.0303030303,0.2727272727,0.4242424242,0,0.0303030303,0.1212121212,0.0303030303,0.0303030303,0,0,0,0.09090909091,0.09090909091,0.7272727273,0.0303030303,0,0,0,0,0,0,0,0,0,0,0.06060606061,0,0,0,0.0303030303,0.0303030303,0,0.09090909091,0.2424242424,0.09090909091,0.06060606061,0.0303030303,0.0303030303,0.2121212121,0.1212121212,0.06060606061,0,0,0,0,0,0,0,0,0,0,0.0303030303,0,0.09090909091,0.06060606061,0,0.09090909091,0.4848484848,0.06060606061,0,0,0,0,0,0,0,0.0303030303,0.1212121212,0.0303030303,0,0,0,0,0,0,0,0,0,0,0,0,0,0,0,0,0,0,0
のとや,82,6,2,2,80,60,4.48,2.166666667,4.472972973,2.166666667,4.525,4.333333333,7.890243902,36,16,0.243902439,1,1,0,0.0243902439,0.08536585366,0.2317073171,0.1341463415,0.3170731707,0.1585365854,0.0487804878,0,0,0,0.3536585366,0.6097560976,0.7317073171,0.2073170732,0.0487804878,0.01219512195,0,0,0.09756097561,0.06097560976,0.3780487805,0.08536585366,0,0.1341463415,0.01219512195,0.1463414634,0,0,0,0.6585365854,0.8292682927,0.6585365854,0.08536585366,0,0,0,0.03658536585,0,0,0,0,0,0,0.01219512195,0,0.03658536585,0.03658536585,0.03658536585,0.1097560976,0.1341463415,0.08536585366,0.03658536585,0.08536585366,0.01219512195,0.03658536585,0.1097560976,0.1219512195,0.08536585366,0.1097560976,0,0,0,0,0.01219512195,0,0,0,0,0.0243902439,0,0.0243902439,0.06097560976,0.0243902439,0.0487804878,0.08536585366,0.2682926829,0.03658536585,0,0,0.0243902439,0.01219512195,0.1219512195,0.0243902439,0.01219512195,0.03658536585,0.09756097561,0.03658536585,0,0,0,0,0.01219512195,0.0243902439,0,0,0,0,0,0.01219512195,0,0,0,0,0,0,0
小松カントリークラブ,77,3,3,0,84,84,4.571428571,4.333333333,4.628571429,5,4.657534247,4.333333333,8.090909091,36,13,0.2987012987,1,0,0.3333333333,0,0.01298701299,0.1298701299,0.2337662338,0.3636363636,0.2337662338,0.01298701299,0.01298701299,0,0,0.7532467532,0.2467532468,0.3116883117,0.06493506494,0.09090909091,0.06493506494,0.4675324675,0.1038961039,0.1168831169,0.2987012987,0.09090909091,0.1168831169,0,0,0.2207792208,0.01298701299,0,0,0,0.1298701299,0.2597402597,0.1558441558,0,0,0,0,0,0,0,0,0,0,0,0.02597402597,0,0.05194805195,0,0.02597402597,0.02597402597,0.03896103896,0.07792207792,0.1168831169,0.1298701299,0.07792207792,0.1428571429,0.1038961039,0.06493506494,0.06493506494,0.1298701299,0,0,0,0,0,0,0,0,0,0,0.01298701299,0.01298701299,0.1038961039,0.02597402597,0,0.09090909091,0.4025974026,0.06493506494,0,0,0.05194805195,0.01298701299,0.03896103896,0.01298701299,0.03896103896,0.03896103896,0.02597402597,0.02597402597,0.02597402597,0,0,0,0,0,0,0,0,0,0,0,0,0,0,0.01298701299,0,0,0
サイエンスヒルズこまつ ひととものづくり科学館,73,12,18,-0.3333333333,86,39,4.575757576,4.083333333,4.588235294,4.083333333,4.485294118,4.416666667,8.424657534,41,8,0.4520547945,3,1,0.1666666667,0.02739726027,0.08219178082,0.2739726027,0.3561643836,0.2054794521,0.04109589041,0.01369863014,0,0,0,0.3287671233,0.6575342466,0.1232876712,0.09589041096,0.09589041096,0.01369863014,0.6712328767,0.1095890411,0.01369863014,0.08219178082,0.06849315068,0.01369863014,0,0.04109589041,0.05479452055,0.5479452055,0,0,0,0.08219178082,0.09589041096,0.2739726027,0.02739726027,0,0,0,0.1232876712,0,0,0,0,0,0,0.06849315068,0,0.02739726027,0.02739726027,0.05479452055,0.05479452055,0.09589041096,0.08219178082,0.2054794521,0.1095890411,0.1369863014,0.04109589041,0.05479452055,0.08219178082,0.04109589041,0.01369863014,0,0.01369863014,0,0,0,0,0,0,0,0,0.01369863014,0.01369863014,0.04109589041,0.02739726027,0,0.05479452055,0.6438356164,0.04109589041,0,0,0.01369863014,0.04109589041,0,0,0.01369863014,0.01369863014,0.01369863014,0.02739726027,0.01369863014,0,0,0.01369863014,0,0,0,0,0,0,0,0,0,0,0,0,0,0,0
大江戸温泉物語 山中彩朝楽,145,5,13,-0.6153846154,48,65,4.251968504,4.4,4.283464567,4.4,4.340425532,4.4,7.565517241,44,33,0.07586206897,1,1,0,0.006896551724,0.05517241379,0.1103448276,0.1724137931,0.3310344828,0.2482758621,0.07586206897,0,0,0,0.5103448276,0.4827586207,0.724137931,0.1931034483,0.04137931034,0.0275862069,0.01379310345,0.1379310345,0.08275862069,0.02068965517,0.4,0.01379310345,0,0.07586206897,0.02068965517,0.08275862069,0,0,0,0.6137931034,0.7724137931,0.3448275862,0.08275862069,0,0,0,0.006896551724,0,0,0,0,0,0,0.04827586207,0,0.04137931034,0.0275862069,0.04137931034,0.1172413793,0.1103448276,0.2068965517,0.1034482759,0.1448275862,0.04827586207,0.06206896552,0.03448275862,0.06206896552,0.03448275862,0.006896551724,0,0,0.01379310345,0.006896551724,0,0,0,0,0,0.006896551724,0,0.006896551724,0.01379310345,0.01379310345,0,0.06896551724,0.1517241379,0.08275862069,0,0.0275862069,0.02068965517,0.03448275862,0.1310344828,0.006896551724,0.06206896552,0.06896551724,0.1931034483,0.0275862069,0.01379310345,0.006896551724,0,0,0,0.006896551724,0.006896551724,0.006896551724,0.01379310345,0,0,0.006896551724,0,0,0,0,0,0,0
大江戸温泉物語Premium 山中グランドホテル,301,15,29,-0.4827586207,23,31,4.420289855,3.4,4.409252669,3.333333333,4.466898955,3.6,7.880398671,119,56,0.2093023256,5,1,0.2666666667,0.02325581395,0.073089701,0.2491694352,0.1926910299,0.1926910299,0.2259136213,0.0365448505,0.003322259136,0.003322259136,0,0.3920265781,0.5946843854,0.8471760797,0.09966777409,0.01328903654,0.003322259136,0.0365448505,0.06312292359,0.03322259136,0.07973421927,0.2558139535,0,0.003322259136,0.1295681063,0.006644518272,0.2857142857,0,0,0,0.6611295681,0.7607973422,0.4186046512,0.02990033223,0,0,0,0,0,0,0,0,0,0,0.02657807309,0,0.006644518272,0.02657807309,0.04651162791,0.08305647841,0.1295681063,0.1196013289,0.122923588,0.1096345515,0.08305647841,0.1029900332,0.04983388704,0.05980066445,0.03322259136,0.03322259136,0,0,0,0,0,0.003322259136,0,0,0.003322259136,0,0.009966777409,0.01661129568,0.02325581395,0.01661129568,0.006644518272,0.1860465116,0.2491694352,0.1029900332,0,0.02990033223,0.04651162791,0.003322259136,0.08970099668,0.01661129568,0.06976744186,0.0365448505,0.06312292359,0.01661129568,0.009966777409,0,0,0,0,0,0,0,0,0,0,0,0,0,0,0,0,0,0
大江戸温泉物語Premium 山下家,621,41,55,-0.2545454545,11,6,4.389396709,3.585365854,4.386861314,3.414634146,4.418644068,4.073170732,7.930756844,246,111,0.2173913043,12,6,0.1463414634,0.02898550725,0.07890499195,0.1191626409,0.1465378422,0.2206119163,0.2785829308,0.1175523349,0.009661835749,0,0,0.4138486312,0.5700483092,0.8276972625,0.0998389694,0.03220611916,0.02093397746,0.0193236715,0.06602254428,0.03220611916,0.1030595813,0.3365539452,0.01288244767,0.004830917874,0.1320450886,0.01449275362,0.1336553945,0.001610305958,0,0,0.6618357488,0.7713365539,0.5958132045,0.04186795491,0,0,0,0.009661835749,0,0,0,0,0,0,0.03220611916,0,0.009661835749,0.0193236715,0.0499194847,0.1046698873,0.1561996779,0.1433172303,0.114331723,0.09178743961,0.06763285024,0.07729468599,0.04669887279,0.08051529791,0.02415458937,0.02415458937,0,0,0,0,0,0,0,0.004830917874,0.003220611916,0.006441223833,0.02576489533,0.01127214171,0.0193236715,0.01771336554,0.01771336554,0.09017713366,0.1111111111,0.07407407407,0.001610305958,0.01449275362,0.07729468599,0.008051529791,0.1207729469,0.0305958132,0.07890499195,0.04830917874,0.1336553945,0.04347826087,0.02576489533,0.006441223833,0.001610305958,0,0.004830917874,0.004830917874,0.001610305958,0.004830917874,0.003220611916,0,0.001610305958,0.003220611916,0,0,0.001610305958,0,0,0,0.001610305958
大江戸温泉物語 あわづグランドホテル,140,0,0,,50,137,4.241935484,,4.198275862,,4.381679389,,7.328571429,39,36,0.02142857143,0,0,,0.02142857143,0.05,0.2428571429,0.2214285714,0.25,0.1714285714,0.03571428571,0.007142857143,0,0,0.4785714286,0.5071428571,0.8142857143,0.1428571429,0.03571428571,0,0.007142857143,0.05,0.05714285714,0.05714285714,0.25,0.02142857143,0,0.1214285714,0.007142857143,0.3428571429,0,0,0,0.6642857143,0.7285714286,0.65,0.02142857143,0,0,0,0.007142857143,0,0,0,0,0,0,0.02857142857,0,0,0.02142857143,0.02142857143,0.07857142857,0.1142857143,0.1142857143,0.09285714286,0.1285714286,0.1428571429,0.08571428571,0.06428571429,0.07142857143,0.007142857143,0.05714285714,0,0,0,0,0,0,0,0,0.007142857143,0,0.02142857143,0.007142857143,0.007142857143,0,0.02142857143,0.1214285714,0.1357142857,0.1857142857,0,0.007142857143,0.05,0,0.1142857143,0.02142857143,0.1214285714,0.02857142857,0.07857142857,0.05714285714,0,0,0,0,0,0,0,0,0.007142857143,0.007142857143,0,0,0,0,0,0,0,0,0
大江戸温泉物語 山代彩朝楽,103,0,0,,64,138,4.258823529,,4.321428571,,4.354166667,,7.184466019,26,30,-0.03883495146,0,0,,0.04854368932,0.1067961165,0.145631068,0.1844660194,0.2524271845,0.2038834951,0.05825242718,0,0,0,0.4563106796,0.5145631068,0.7961165049,0.07766990291,0.06796116505,0.03883495146,0.01941747573,0.08737864078,0.04854368932,0.1165048544,0.3009708738,0.009708737864,0,0.1650485437,0.01941747573,0.1553398058,0,0,0,0.640776699,0.7087378641,0.3883495146,0.09708737864,0,0,0,0,0,0,0,0,0,0,0.03883495146,0,0.03883495146,0.07766990291,0.03883495146,0.1553398058,0.1067961165,0.1359223301,0.1262135922,0.04854368932,0.09708737864,0.04854368932,0.02912621359,0.06796116505,0.04854368932,0.01941747573,0,0,0,0.01941747573,0,0,0,0,0.009708737864,0,0.02912621359,0.009708737864,0.03883495146,0.05825242718,0.02912621359,0.1067961165,0.2621359223,0.1359223301,0,0,0.01941747573,0.01941747573,0.03883495146,0.009708737864,0.05825242718,0.04854368932,0.04854368932,0.01941747573,0,0.009708737864,0,0,0,0,0,0,0,0,0,0.009708737864,0,0.009708737864,0,0,0,0,0.009708737864
大江戸温泉物語 わんわんリゾート　粟津,49,6,2,2,102,61,4.431818182,3.666666667,4.340909091,3.666666667,4.520833333,4.333333333,8.142857143,20,6,0.2857142857,1,1,0,0.02040816327,0.1632653061,0.1224489796,0.1224489796,0.4285714286,0.1428571429,0,0,0,0,0.3469387755,0.6530612245,0.8163265306,0.1428571429,0,0,0.04081632653,0,0.02040816327,0.04081632653,0.2857142857,0,0,0.1836734694,0,0.1224489796,0,0,0,0.5918367347,0.6326530612,0.4285714286,0.02040816327,0,0,0,0,0,0,0,0,0,0,0.0612244898,0,0,0.02040816327,0.02040816327,0.0612244898,0.1020408163,0.1632653061,0.1020408163,0.1428571429,0.0612244898,0.0612244898,0.02040816327,0.1224489796,0.0612244898,0.0612244898,0,0,0,0,0,0,0,0,0,0,0.04081632653,0,0.04081632653,0.08163265306,0.02040816327,0.1020408163,0.0612244898,0,0,0.02040816327,0.02040816327,0.04081632653,0.1224489796,0.0612244898,0.1224489796,0.0612244898,0.1020408163,0.02040816327,0.0612244898,0,0,0,0,0.02040816327,0,0,0,0,0,0,0,0,0,0,0,0,0
大江戸温泉物語Premium 加賀まるや,47,0,7,-1,105,139,4.428571429,,4.325,,4.434782609,,8,18,5,0.2765957447,0,0,,0.02127659574,0.08510638298,0.06382978723,0.1914893617,0.3191489362,0.2765957447,0.04255319149,0,0,0,0.4042553191,0.5531914894,0.8510638298,0.1063829787,0.02127659574,0.02127659574,0,0.04255319149,0.04255319149,0.06382978723,0.2765957447,0,0,0.2340425532,0.04255319149,0.1489361702,0,0,0,0.7021276596,0.7021276596,0.4468085106,0.02127659574,0,0,0,0.02127659574,0,0,0,0,0,0,0.04255319149,0,0.02127659574,0.02127659574,0.04255319149,0.02127659574,0.170212766,0.1276595745,0.1276595745,0.170212766,0.08510638298,0.06382978723,0.04255319149,0.08510638298,0.02127659574,0.02127659574,0,0,0,0,0,0,0,0,0,0.02127659574,0.04255319149,0,0,0.04255319149,0,0.08510638298,0.170212766,0.1489361702,0,0.02127659574,0.08510638298,0,0.04255319149,0.02127659574,0.04255319149,0.04255319149,0.1063829787,0.06382978723,0.02127659574,0,0,0,0.02127659574,0,0,0,0,0,0,0.02127659574,0,0,0,0,0,0,0
加賀フルーツランド,59,5,4,0.25,94,66,4.46,1.8,4.431372549,2.6,4.537037037,3.4,8.033898305,23,12,0.186440678,1,3,-0.4,0.01694915254,0.1355932203,0.2542372881,0.2372881356,0.1355932203,0.1694915254,0.05084745763,0,0,0,0.4237288136,0.5762711864,0.2711864407,0.1186440678,0.01694915254,0.05084745763,0.5423728814,0.03389830508,0.08474576271,0.05084745763,0.186440678,0,0,0.1355932203,0.03389830508,0.3220338983,0,0,0,0.1355932203,0.2881355932,0.6440677966,0.01694915254,0,0,0,0.01694915254,0,0,0,0,0,0,0.05084745763,0,0.01694915254,0.08474576271,0.01694915254,0.1186440678,0.08474576271,0.1694915254,0.1186440678,0.06779661017,0.05084745763,0.1016949153,0.05084745763,0.03389830508,0.01694915254,0.08474576271,0,0,0,0,0,0,0,0,0.01694915254,0.01694915254,0.03389830508,0,0.01694915254,0,0.01694915254,0.1186440678,0.3050847458,0.1016949153,0,0,0.01694915254,0,0.1525423729,0.01694915254,0.01694915254,0,0.1016949153,0.03389830508,0.01694915254,0,0,0,0,0.01694915254,0,0,0,0,0,0,0,0,0,0,0,0,0
河内じばさん,81,9,9,0,82,47,4.506493506,4.444444444,4.554054054,4.222222222,4.493333333,4.222222222,8.49382716,45,10,0.4320987654,3,2,0.1111111111,0.03703703704,0.06172839506,0.1234567901,0.2839506173,0.3209876543,0.1358024691,0.03703703704,0,0,0,0.3703703704,0.6049382716,0.0987654321,0.02469135802,0.03703703704,0.07407407407,0.7654320988,0.1234567901,0.06172839506,0.03703703704,0.2839506173,0,0,0.2345679012,0.04938271605,0.07407407407,0,0,0,0.02469135802,0.1975308642,0.6049382716,0.0987654321,0,0,0,0.01234567901,0,0,0,0,0,0,0.2098765432,0,0.08641975309,0.02469135802,0.02469135802,0.1358024691,0.1358024691,0.1358024691,0.07407407407,0.1358024691,0.1234567901,0.03703703704,0.03703703704,0.06172839506,0.02469135802,0.04938271605,0,0,0,0,0,0,0,0,0,0,0.02469135802,0,0.03703703704,0.01234567901,0,0.03703703704,0.7654320988,0.03703703704,0,0.01234567901,0,0,0.04938271605,0,0.01234567901,0,0,0,0,0,0,0,0,0.01234567901,0,0,0,0,0,0,0,0,0,0,0,0,0
白山比咩神社,266,36,29,0.2413793103,24,8,4.60251046,3.777777778,4.644351464,3.777777778,4.614785992,4.083333333,8.627819549,156,30,0.4736842105,15,5,0.2777777778,0.01503759398,0.1052631579,0.1917293233,0.1390977444,0.3609022556,0.1729323308,0.01503759398,0,0,0,0.3984962406,0.5864661654,0.2443609023,0.1691729323,0.06766917293,0.08270676692,0.4360902256,0.1616541353,0.06015037594,0.1052631579,0.2669172932,0.02255639098,0,0.1353383459,0.01879699248,0.0977443609,0,0,0,0.1390977444,0.2631578947,0.3872180451,0.05263157895,0,0,0,0.03007518797,0,0,0,0,0,0,0.05639097744,0,0.007518796992,0.03759398496,0.05639097744,0.04887218045,0.1203007519,0.1503759398,0.1165413534,0.09398496241,0.0977443609,0.07142857143,0.03007518797,0.08646616541,0.04887218045,0.04135338346,0,0,0.003759398496,0.007518796992,0.003759398496,0.007518796992,0.01127819549,0,0.003759398496,0.003759398496,0.01503759398,0.04887218045,0.1127819549,0.03007518797,0.01503759398,0.0977443609,0.2255639098,0.1203007519,0.003759398496,0.01879699248,0.03759398496,0.01503759398,0.05263157895,0.01879699248,0.007518796992,0.02255639098,0.03383458647,0.04511278195,0.003759398496,0.007518796992,0,0,0.003759398496,0,0.003759398496,0.003759398496,0.003759398496,0,0,0,0,0.003759398496,0,0,0.003759398496,0,0.003759398496
萬松園あいうえおの杜,67,5,2,1.5,88,67,4.474576271,4.2,4.444444444,4.2,4.53125,3.8,7.865671642,29,18,0.1641791045,2,1,0.2,0,0.1044776119,0.4328358209,0.2089552239,0.1641791045,0.08955223881,0,0,0,0,0.3731343284,0.5970149254,0.4626865672,0.1343283582,0.0447761194,0.07462686567,0.2835820896,0.07462686567,0.01492537313,0.1044776119,0.1343283582,0,0,0.01492537313,0,0.6567164179,0,0,0,0.2835820896,0.5820895522,0.447761194,0.02985074627,0,0,0,0.05970149254,0,0,0,0,0,0,0.0447761194,0,0,0.01492537313,0.02985074627,0.0447761194,0.05970149254,0.1343283582,0.1492537313,0.08955223881,0.07462686567,0.1044776119,0.0447761194,0.1940298507,0.02985074627,0.02985074627,0.02985074627,0,0,0,0,0,0,0,0,0,0,0.02985074627,0.02985074627,0.02985074627,0.02985074627,0.1343283582,0.3880597015,0.1194029851,0,0,0.01492537313,0,0.02985074627,0.01492537313,0.07462686567,0,0.01492537313,0.02985074627,0.01492537313,0,0,0,0,0,0,0.01492537313,0,0,0,0,0,0,0,0,0,0,0
白山一里野温泉スキー場,40,1,0,,120,107,4.486486486,5,4.5,5,4.615384615,5,8.075,17,7,0.25,1,0,1,0.05,0.2,0.15,0.25,0.3,0.05,0,0,0,0,0.6,0.375,0.1,0.175,0,0.05,0.675,0.15,0.05,0.15,0.175,0,0,0.05,0,0.275,0,0,0,0.025,0.125,0.1,0.025,0,0,0,0,0,0,0,0,0,0,0.05,0,0,0.1,0,0.075,0.1,0.075,0.1,0.05,0.075,0.05,0.05,0.15,0.1,0.075,0,0,0,0,0,0,0,0,0,0,0,0.025,0,0,0,0,0.625,0.025,0,0,0,0.025,0.025,0.025,0.025,0.05,0.15,0.025,0,0,0,0,0,0,0,0,0,0,0,0,0,0,0,0,0,0,0
のと里山空港,200,29,37,-0.2162162162,35,13,4.3125,4.275862069,4.356321839,4,4.590361446,4.068965517,8.251256281,95,33,0.31,13,4,0.3103448276,0.01,0.19,0.18,0.2,0.22,0.15,0.05,0,0,0,0.435,0.545,0.32,0.255,0.095,0.15,0.18,0.15,0.04,0.135,0.2,0.03,0,0.07,0.03,0.18,0.005,0,0,0.15,0.245,0.465,0.025,0,0,0,0.15,0,0,0,0,0,0,0.04,0,0.055,0.035,0.045,0.075,0.09,0.125,0.11,0.1,0.045,0.095,0.06,0.125,0.05,0.045,0.005,0,0,0,0,0,0.005,0.015,0,0.01,0.07,0.035,0.25,0.12,0,0.06,0.175,0.015,0,0.005,0.02,0.025,0.04,0.015,0.01,0.025,0.045,0.01,0.015,0,0,0.005,0.005,0,0,0,0,0.005,0,0,0,0,0,0,0.005,0.005,0.005
能登食祭市場,152,5,5,0,46,68,4.514084507,3.8,4.486111111,3.4,4.6,4.8,8.473684211,90,24,0.4342105263,3,1,0.4,0.03289473684,0.2171052632,0.1842105263,0.08552631579,0.2171052632,0.2039473684,0.05921052632,0,0,0,0.3947368421,0.5921052632,0.3026315789,0.3157894737,0.07894736842,0.02631578947,0.2763157895,0.07894736842,0.1315789474,0.1776315789,0.2894736842,0.02631578947,0,0.1052631579,0.01973684211,0.05921052632,0.02631578947,0,0,0.2105263158,0.3947368421,0.625,0.05921052632,0,0,0,0.06578947368,0,0,0,0,0,0,0.07236842105,0,0.01973684211,0.07894736842,0.04605263158,0.09210526316,0.1381578947,0.1052631579,0.125,0.04605263158,0.07894736842,0.07894736842,0.06578947368,0.08552631579,0.03289473684,0.02631578947,0,0,0,0,0,0.006578947368,0.01315789474,0.01973684211,0,0.006578947368,0.04605263158,0.03947368421,0.1513157895,0.07236842105,0.006578947368,0.1184210526,0.1315789474,0.03289473684,0,0.01973684211,0.02631578947,0.01315789474,0.05921052632,0.006578947368,0.006578947368,0.01973684211,0.1118421053,0.03947368421,0.006578947368,0,0.02631578947,0,0,0,0,0,0,0,0,0.01973684211,0,0,0,0,0,0,0
和倉温泉観光案内所,63,15,1,14,92,32,4.377777778,2.933333333,4.346938776,3.466666667,4.526315789,4.333333333,7.682539683,25,16,0.1428571429,5,4,0.06666666667,0.03174603175,0.1746031746,0.2063492063,0.2063492063,0.2063492063,0.1428571429,0.03174603175,0,0,0,0.5238095238,0.4761904762,0.2857142857,0.253968254,0.126984127,0.1111111111,0.2222222222,0.2857142857,0,0.04761904762,0.3333333333,0.04761904762,0,0.09523809524,0.03174603175,0.1428571429,0,0,0,0.3015873016,0.5396825397,0.6031746032,0.1111111111,0,0,0,0.07936507937,0,0,0,0,0,0,0.04761904762,0,0.04761904762,0.06349206349,0.06349206349,0.1111111111,0.06349206349,0.04761904762,0.126984127,0.04761904762,0.06349206349,0.1111111111,0.06349206349,0.1587301587,0.04761904762,0.03174603175,0.01587301587,0.01587301587,0,0.03174603175,0,0.03174603175,0,0,0.03174603175,0,0.01587301587,0.01587301587,0.2380952381,0.07936507937,0,0.03174603175,0.126984127,0,0,0,0.01587301587,0.04761904762,0.09523809524,0,0.06349206349,0.01587301587,0.07936507937,0,0.01587301587,0,0,0.01587301587,0.01587301587,0,0,0,0,0,0,0,0,0,0,0,0,0,0
加賀屋,44,0,0,,109,140,4.568181818,,4.477272727,,,,9.045454545,28,0,0.6363636364,0,0,,0,0.04545454545,0.1818181818,0.3409090909,0.1818181818,0.1818181818,0.04545454545,0.02272727273,0,0,0.3863636364,0.5909090909,0.5,0.3409090909,0.06818181818,0.09090909091,0,0.02272727273,0.1363636364,0.1363636364,0.25,0.02272727273,0.02272727273,0.1818181818,0,0.1136363636,0.02272727273,0,0,0.6363636364,0.7954545455,0.7272727273,0.09090909091,0,0,0,0.02272727273,0,0,0,0,0,0,0.06818181818,0,0.02272727273,0,0.02272727273,0.06818181818,0.1590909091,0.1363636364,0.09090909091,0.1136363636,0.1136363636,0.06818181818,0.04545454545,0.1136363636,0.02272727273,0.04545454545,0,0,0,0.02272727273,0,0,0,0,0.04545454545,0,0.04545454545,0.02272727273,0.1363636364,0.04545454545,0.02272727273,0.04545454545,0.1136363636,0.04545454545,0,0.1136363636,0.06818181818,0,0.06818181818,0,0,0.02272727273,0.06818181818,0,0,0,0,0,0.04545454545,0,0.02272727273,0,0,0.02272727273,0,0.02272727273,0,0,0,0,0,0,0
道の駅輪島,42,5,4,0.25,115,69,4.4,3.6,4.411764706,3.6,4.542857143,4.6,7.976190476,16,6,0.2380952381,3,1,0.4,0,0.1904761905,0.1428571429,0.1666666667,0.2857142857,0.2142857143,0,0,0,0,0.5,0.5,0.2857142857,0.119047619,0.1666666667,0.1428571429,0.2857142857,0.3571428571,0.04761904762,0.04761904762,0.2380952381,0,0,0.04761904762,0.02380952381,0.09523809524,0,0,0,0.119047619,0.2380952381,0.5238095238,0.04761904762,0,0,0,0.02380952381,0,0,0,0,0,0,0.119047619,0,0.02380952381,0.09523809524,0.09523809524,0.119047619,0,0.2142857143,0.07142857143,0.07142857143,0.04761904762,0.02380952381,0.09523809524,0.09523809524,0.02380952381,0.04761904762,0,0,0,0,0,0,0,0.02380952381,0,0,0.02380952381,0.04761904762,0.1666666667,0.07142857143,0.02380952381,0.119047619,0.1666666667,0.02380952381,0,0,0,0.04761904762,0.04761904762,0.02380952381,0.04761904762,0.02380952381,0.04761904762,0.02380952381,0.02380952381,0,0,0,0,0,0,0,0,0,0,0.02380952381,0,0,0.02380952381,0,0,0,0
道の駅すずなり,81,4,9,-0.5555555556,83,74,4.323529412,4,4.31884058,4,4.453333333,4.25,7.851851852,32,16,0.1975308642,1,1,0,0.03703703704,0.0987654321,0.1358024691,0.0987654321,0.3086419753,0.2592592593,0.04938271605,0.01234567901,0,0,0.3456790123,0.6419753086,0.1728395062,0.3950617284,0.1975308642,0.1111111111,0.1234567901,0.1975308642,0.04938271605,0.1234567901,0.1851851852,0.1481481481,0,0.1234567901,0.04938271605,0.06172839506,0.01234567901,0,0,0.1358024691,0.1851851852,0.4567901235,0.04938271605,0,0,0,0.04938271605,0,0,0,0,0,0,0.07407407407,0,0.08641975309,0.04938271605,0.01234567901,0.08641975309,0.1234567901,0.1234567901,0.1111111111,0.08641975309,0.08641975309,0.0987654321,0.01234567901,0.06172839506,0.0987654321,0.04938271605,0.02469135802,0.01234567901,0,0,0,0,0,0,0,0,0.06172839506,0.03703703704,0.2716049383,0.1111111111,0.01234567901,0.02469135802,0.1234567901,0,0,0.02469135802,0.01234567901,0.03703703704,0.01234567901,0.01234567901,0,0.03703703704,0.07407407407,0.02469135802,0.02469135802,0.01234567901,0,0,0.02469135802,0,0,0,0.01234567901,0,0.01234567901,0,0,0,0,0,0,0,0
千里浜レストハウス,181,0,0,,39,141,4.475308642,,4.475308642,,4.594936709,,8.35359116,95,27,0.3756906077,0,0,,0.02209944751,0.08287292818,0.1602209945,0.1436464088,0.2983425414,0.2154696133,0.0773480663,0,0,0,0.408839779,0.5690607735,0.2651933702,0.364640884,0.0773480663,0.0773480663,0.2154696133,0.1270718232,0.08287292818,0.1491712707,0.270718232,0.04419889503,0,0.09944751381,0.02209944751,0.09944751381,0,0,0,0.1436464088,0.320441989,0.5359116022,0.05524861878,0,0,0,0.06629834254,0,0,0,0,0,0,0.1270718232,0,0.02209944751,0.06629834254,0.04419889503,0.06077348066,0.138121547,0.09392265193,0.1104972376,0.138121547,0.0773480663,0.04972375691,0.06077348066,0.04419889503,0.03314917127,0.08287292818,0.005524861878,0,0,0,0,0.005524861878,0.01657458564,0.03867403315,0.01104972376,0.01104972376,0.05524861878,0.05524861878,0.1712707182,0.1049723757,0.01104972376,0.06629834254,0.138121547,0.01657458564,0,0.03314917127,0.005524861878,0,0.07182320442,0.005524861878,0.02762430939,0.02209944751,0.05524861878,0.03867403315,0.01104972376,0.005524861878,0.005524861878,0,0.005524861878,0,0.005524861878,0,0,0,0,0,0,0,0,0,0,0,0
道の駅のと千里浜,83,1,2,-0.5,78,108,4.578947368,5,4.53164557,4,4.634920635,5,8.542168675,45,8,0.4457831325,1,0,1,0.02409638554,0.0843373494,0.2771084337,0.2048192771,0.2048192771,0.1325301205,0.07228915663,0,0,0,0.3734939759,0.578313253,0.2530120482,0.2409638554,0.06024096386,0.1445783133,0.3012048193,0.1445783133,0.07228915663,0.0843373494,0.3614457831,0.02409638554,0.02409638554,0.1325301205,0.07228915663,0.06024096386,0,0,0,0.1686746988,0.3253012048,0.6385542169,0.1325301205,0,0,0,0.0843373494,0,0,0,0,0,0,0.2409638554,0,0.06024096386,0.04819277108,0.06024096386,0.1084337349,0.1084337349,0.1325301205,0.1445783133,0.1325301205,0.06024096386,0.03614457831,0.02409638554,0.04819277108,0.07228915663,0.02409638554,0.01204819277,0,0,0,0.02409638554,0,0.01204819277,0.02409638554,0.01204819277,0.01204819277,0.01204819277,0.02409638554,0.1084337349,0.1325301205,0.01204819277,0.07228915663,0.2048192771,0.02409638554,0,0.02409638554,0.01204819277,0.01204819277,0.09638554217,0.01204819277,0.01204819277,0.01204819277,0.06024096386,0.03614457831,0.01204819277,0,0,0,0,0,0,0,0,0,0,0.01204819277,0,0,0,0.01204819277,0,0,0
神子の里,88,7,3,1.333333333,72,53,4.567901235,4.857142857,4.506024096,4.857142857,4.513157895,4.857142857,8.465909091,49,10,0.4431818182,2,3,-0.1428571429,0.01136363636,0.07954545455,0.2045454545,0.1477272727,0.2954545455,0.1931818182,0.04545454545,0.02272727273,0,0,0.375,0.6136363636,0.07954545455,0.125,0.06818181818,0.09090909091,0.6363636364,0.2045454545,0.03409090909,0.04545454545,0.2840909091,0,0,0.1022727273,0.01136363636,0.2045454545,0,0,0,0.09090909091,0.125,0.5795454545,0.02272727273,0,0,0,0.06818181818,0,0,0,0,0,0,0.2272727273,0,0.01136363636,0.09090909091,0.07954545455,0.1363636364,0.1590909091,0.07954545455,0.05681818182,0.02272727273,0.07954545455,0.09090909091,0.07954545455,0.02272727273,0.06818181818,0.03409090909,0,0,0,0,0,0,0,0.01136363636,0.01136363636,0,0,0,0.04545454545,0.03409090909,0,0.2272727273,0.4772727273,0.01136363636,0,0.02272727273,0.01136363636,0.02272727273,0.02272727273,0,0,0,0.07954545455,0.01136363636,0.01136363636,0,0,0,0,0,0,0,0,0,0,0,0,0,0,0,0,0,0
道の駅とぎ海街道,93,13,17,-0.2352941176,68,37,4.542168675,4.076923077,4.465909091,3.923076923,4.586206897,4.615384615,8.376344086,44,12,0.3440860215,5,3,0.1538461538,0.02150537634,0.1397849462,0.1397849462,0.2150537634,0.2580645161,0.1935483871,0.03225806452,0,0,0,0.4623655914,0.5376344086,0.1182795699,0.2150537634,0.1827956989,0.06451612903,0.4193548387,0.1827956989,0.04301075269,0.1075268817,0.2903225806,0.02150537634,0,0.08602150538,0,0.1182795699,0,0,0,0.1075268817,0.2043010753,0.4946236559,0.05376344086,0,0,0,0.09677419355,0,0,0,0,0,0,0.1827956989,0,0.05376344086,0.03225806452,0.04301075269,0.1182795699,0.1612903226,0.1182795699,0.08602150538,0.06451612903,0.09677419355,0.06451612903,0.06451612903,0.09677419355,0.01075268817,0.04301075269,0.01075268817,0,0,0.01075268817,0,0,0,0.01075268817,0,0.04301075269,0.03225806452,0.03225806452,0.1182795699,0.04301075269,0.01075268817,0.0752688172,0.3548387097,0,0,0.02150537634,0.02150537634,0.01075268817,0.05376344086,0,0,0.02150537634,0.05376344086,0.04301075269,0,0,0,0.02150537634,0.01075268817,0,0,0,0,0,0,0,0,0,0,0,0,0,0
道の駅織姫の里なかのと,142,24,26,-0.07692307692,49,17,4.385245902,3.333333333,4.349206349,3.25,4.488888889,4.458333333,7.936619718,52,25,0.1901408451,6,4,0.08333333333,0.02112676056,0.1267605634,0.1971830986,0.1549295775,0.2112676056,0.2464788732,0.04225352113,0,0,0,0.3591549296,0.6338028169,0.161971831,0.2323943662,0.05633802817,0.09154929577,0.4577464789,0.09154929577,0.07042253521,0.1126760563,0.3450704225,0.02816901408,0,0.1197183099,0.02112676056,0.1056338028,0,0,0,0.0985915493,0.161971831,0.5281690141,0.06338028169,0,0,0,0.07746478873,0,0,0,0,0,0,0.1830985915,0,0.03521126761,0.09154929577,0.01408450704,0.1197183099,0.1478873239,0.1056338028,0.1126760563,0.07042253521,0.09154929577,0.04225352113,0.03521126761,0.0985915493,0.04225352113,0.02816901408,0.01408450704,0,0,0,0,0,0,0,0.02112676056,0.01408450704,0.02112676056,0.01408450704,0.09154929577,0.06338028169,0.007042253521,0.1478873239,0.2676056338,0.04225352113,0,0.01408450704,0.007042253521,0.04929577465,0.06338028169,0.007042253521,0.01408450704,0.02112676056,0.05633802817,0.01408450704,0.01408450704,0,0,0,0.007042253521,0.007042253521,0.007042253521,0,0,0,0,0.01408450704,0,0,0,0,0,0,0
穴水駅,38,4,2,1,125,75,4.28125,4.5,4.305555556,4.5,4.52,4.75,8.052631579,14,5,0.2368421053,1,1,0,0,0.1578947368,0.2368421053,0.2368421053,0.2368421053,0.1315789474,0,0,0,0,0.4473684211,0.5526315789,0.3947368421,0.2368421053,0.1578947368,0.05263157895,0.1578947368,0.1842105263,0.1315789474,0.02631578947,0.2894736842,0.02631578947,0,0.07894736842,0.02631578947,0.1315789474,0,0,0,0.1052631579,0.3947368421,0.4473684211,0.05263157895,0,0,0,0.1315789474,0,0,0,0,0,0,0.2105263158,0,0.07894736842,0.07894736842,0.05263157895,0.1315789474,0.1052631579,0.07894736842,0.1052631579,0.05263157895,0.05263157895,0.02631578947,0.1052631579,0.1315789474,0,0.07894736842,0,0,0,0,0,0,0,0,0.05263157895,0,0.05263157895,0.02631578947,0.2105263158,0.07894736842,0.02631578947,0.02631578947,0.2631578947,0,0,0.02631578947,0.02631578947,0,0.07894736842,0.05263157895,0,0.02631578947,0.05263157895,0,0,0,0,0,0,0,0,0,0,0,0,0,0,0,0,0,0,0,0
道の駅桜峠,34,2,6,-0.6666666667,135,98,4.285714286,4.5,4.333333333,2,4.5,5,7.823529412,10,7,0.08823529412,1,0,0.5,0,0.08823529412,0.1176470588,0.2058823529,0.5294117647,0.02941176471,0.02941176471,0,0,0,0.4411764706,0.5588235294,0.2647058824,0.1470588235,0.08823529412,0.1176470588,0.3823529412,0.2352941176,0.1176470588,0.08823529412,0.3529411765,0,0,0.05882352941,0.02941176471,0.05882352941,0,0,0,0.05882352941,0.1764705882,0.4705882353,0,0,0,0,0.08823529412,0,0,0,0,0,0,0.2058823529,0,0.1176470588,0.02941176471,0,0.08823529412,0.1176470588,0.05882352941,0.1176470588,0.02941176471,0.1764705882,0.1470588235,0.1176470588,0.08823529412,0.02941176471,0,0,0,0,0,0,0,0,0,0,0,0.05882352941,0,0.08823529412,0,0.05882352941,0.1764705882,0.2352941176,0.05882352941,0,0,0,0,0.1176470588,0.05882352941,0,0,0.02941176471,0,0,0.02941176471,0,0,0,0.05882352941,0,0,0,0,0,0,0,0,0,0,0,0,0.02941176471
ランプの宿,48,0,0,,103,142,4.659090909,,4.622222222,,,,9.1875,35,2,0.6875,0,0,,0,0.1041666667,0.125,0.0625,0.2083333333,0.375,0.1041666667,0.02083333333,0,0,0.4166666667,0.5833333333,0.3125,0.4583333333,0.08333333333,0.1458333333,0,0.0625,0.1666666667,0.1041666667,0.4791666667,0.0625,0,0.0625,0,0,0,0,0,0.6458333333,0.7916666667,0.6875,0.0625,0,0,0,0.02083333333,0,0,0,0,0,0,0.02083333333,0,0,0.04166666667,0.04166666667,0.1458333333,0.0625,0.08333333333,0.04166666667,0.1041666667,0.125,0.02083333333,0.125,0.1041666667,0.04166666667,0.0625,0,0,0.02083333333,0,0,0,0.0625,0,0.0625,0.02083333333,0.02083333333,0.0625,0.1458333333,0.1666666667,0,0.04166666667,0.02083333333,0,0.02083333333,0.02083333333,0.04166666667,0,0.04166666667,0,0,0.02083333333,0.0625,0.02083333333,0,0.02083333333,0,0,0,0.0625,0.02083333333,0,0,0.02083333333,0,0,0,0,0,0,0.02083333333,0,0
和倉温泉お祭り会館,136,12,9,0.3333333333,53,40,4.504201681,3.25,4.512396694,2.916666667,4.555555556,4.416666667,8.345588235,69,17,0.3823529412,4,3,0.08333333333,0,0.08823529412,0.1985294118,0.1764705882,0.2205882353,0.2573529412,0.05882352941,0,0,0,0.2867647059,0.6911764706,0.4264705882,0.2573529412,0.02205882353,0.1176470588,0.1764705882,0.125,0.04411764706,0.1617647059,0.2132352941,0.1470588235,0,0.09558823529,0.02205882353,0.1323529412,0,0,0,0.1911764706,0.4705882353,0.5661764706,0.02941176471,0,0,0,0.08088235294,0,0,0,0,0,0,0.05147058824,0,0.07352941176,0.007352941176,0.05147058824,0.125,0.08823529412,0.1029411765,0.1544117647,0.125,0.05147058824,0.06617647059,0.05147058824,0.08823529412,0.05147058824,0.03676470588,0.007352941176,0,0,0,0,0,0,0.01470588235,0.01470588235,0.01470588235,0.02205882353,0.04411764706,0.1470588235,0.06617647059,0.007352941176,0.05147058824,0.1691176471,0.05882352941,0.02205882353,0.01470588235,0.02205882353,0.02205882353,0.05147058824,0.02205882353,0.04411764706,0.02205882353,0.08088235294,0.04411764706,0.007352941176,0.007352941176,0,0,0,0,0,0,0,0,0,0,0,0,0,0.02205882353,0,0,0
いこいの村能登半島,43,1,2,-0.5,111,109,4.447368421,4,4.384615385,4,4.459459459,4,8.186046512,20,4,0.3720930233,0,0,0,0.02325581395,0.06976744186,0.3488372093,0.1860465116,0.1627906977,0.1627906977,0.04651162791,0,0,0,0.3255813953,0.6279069767,0.5813953488,0.2558139535,0.04651162791,0.1162790698,0,0.09302325581,0.06976744186,0.02325581395,0.3023255814,0,0,0.1395348837,0.06976744186,0.2325581395,0,0,0,0.3953488372,0.5348837209,0.5581395349,0.04651162791,0,0,0,0.04651162791,0,0,0,0,0,0,0.04651162791,0,0.09302325581,0,0.02325581395,0.04651162791,0.1627906977,0.1395348837,0.1627906977,0.04651162791,0,0.09302325581,0.09302325581,0.1395348837,0.02325581395,0.06976744186,0,0,0,0,0,0,0.04651162791,0,0,0,0,0.09302325581,0.2325581395,0,0.02325581395,0.04651162791,0.1162790698,0.09302325581,0.02325581395,0.02325581395,0,0,0.06976744186,0,0.04651162791,0.06976744186,0.06976744186,0.04651162791,0,0,0,0,0,0,0,0,0,0,0,0,0,0,0,0,0,0,0
ホテルアリヴィオ,53,16,5,2.2,99,29,4.604651163,4.125,4.409090909,3.9375,4.5,4.3125,8.773584906,34,5,0.5471698113,11,0,0.6875,0,0.1698113208,0.1698113208,0.2075471698,0.3018867925,0.1132075472,0.03773584906,0,0,0,0.5471698113,0.4150943396,0.4150943396,0.3018867925,0.01886792453,0.2641509434,0,0.4339622642,0,0.03773584906,0.1886792453,0.01886792453,0,0.05660377358,0.1886792453,0.01886792453,0,0,0,0.07547169811,0.07547169811,0.3018867925,0.01886792453,0,0,0,0.1132075472,0,0,0,0,0,0,0.05660377358,0,0.4339622642,0,0.01886792453,0.03773584906,0.03773584906,0.1320754717,0.1698113208,0.1320754717,0.1698113208,0.09433962264,0.05660377358,0.09433962264,0,0.05660377358,0,0,0,0.01886792453,0,0,0,0,0,0,0.05660377358,0.07547169811,0.1320754717,0.09433962264,0.01886792453,0.01886792453,0.07547169811,0.01886792453,0.01886792453,0.05660377358,0,0.03773584906,0.05660377358,0,0,0.03773584906,0.1320754717,0.01886792453,0.01886792453,0,0,0,0.01886792453,0.01886792453,0,0,0.03773584906,0,0,0,0,0.01886792453,0.01886792453,0,0,0,0
休暇村能登千里浜,84,18,7,1.571428571,76,25,4.533333333,3.888888889,4.532467532,3.666666667,4.460526316,4.444444444,7.928571429,34,14,0.2380952381,8,2,0.3333333333,0.0119047619,0.02380952381,0.1666666667,0.1547619048,0.1904761905,0.3214285714,0.130952381,0,0,0,0.4523809524,0.5119047619,0.4642857143,0.380952381,0.07142857143,0.05952380952,0.02380952381,0.05952380952,0.02380952381,0.05952380952,0.369047619,0.0119047619,0.0119047619,0.09523809524,0.02380952381,0.1904761905,0.02380952381,0,0,0.4642857143,0.5119047619,0.5952380952,0.0119047619,0,0,0,0.02380952381,0,0,0,0,0,0,0.05952380952,0,0.04761904762,0.0119047619,0.03571428571,0.04761904762,0.1666666667,0.130952381,0.04761904762,0.1071428571,0.119047619,0.07142857143,0.1071428571,0.08333333333,0.04761904762,0.02380952381,0,0.0119047619,0.0119047619,0,0,0,0,0.02380952381,0.03571428571,0,0.05952380952,0.05952380952,0.130952381,0.03571428571,0.02380952381,0.05952380952,0.09523809524,0.0119047619,0,0,0.02380952381,0.03571428571,0.119047619,0,0.02380952381,0.04761904762,0.09523809524,0.05952380952,0.0119047619,0,0,0,0,0,0,0,0,0,0,0.0119047619,0,0,0,0,0,0,0.0119047619
体験交流施設　ラブロ恋路,37,4,2,1,128,76,4.333333333,2,4.580645161,2,4.382352941,2,8.675675676,22,3,0.5135135135,0,2,-0.5,0,0.02702702703,0.1891891892,0.1081081081,0.4324324324,0.1891891892,0.05405405405,0,0,0,0.5405405405,0.4054054054,0.7027027027,0.1621621622,0,0.08108108108,0.05405405405,0.1891891892,0,0.1351351351,0.4054054054,0,0,0.05405405405,0.08108108108,0.02702702703,0,0,0,0.2162162162,0.1621621622,0.3783783784,0.1351351351,0,0,0,0.1081081081,0,0,0,0,0,0,0.08108108108,0,0.1351351351,0,0.02702702703,0.02702702703,0.1351351351,0.2972972973,0.1621621622,0.05405405405,0.08108108108,0.08108108108,0.05405405405,0.08108108108,0,0,0,0,0.02702702703,0,0,0,0.02702702703,0,0.08108108108,0,0.02702702703,0.02702702703,0.05405405405,0.02702702703,0,0.05405405405,0.3783783784,0,0,0.08108108108,0.02702702703,0,0.08108108108,0,0,0.02702702703,0,0,0.02702702703,0,0,0.02702702703,0,0.02702702703,0,0,0,0,0,0,0,0,0,0,0,0,0
のと里山海道　西山パーキング,43,4,4,0,112,77,4.357142857,3.25,4.222222222,3.25,4.41025641,4.25,6.837209302,12,17,-0.1162790698,2,1,0.25,0.02325581395,0.09302325581,0.06976744186,0.1627906977,0.3953488372,0.2093023256,0.02325581395,0.02325581395,0,0,0.3488372093,0.6511627907,0.3488372093,0.2558139535,0.02325581395,0.09302325581,0.2790697674,0.2093023256,0,0.04651162791,0.2790697674,0,0,0.09302325581,0.1162790698,0.1395348837,0,0,0,0.09302325581,0.1860465116,0.3488372093,0.02325581395,0,0,0,0.04651162791,0,0,0,0,0,0,0.06976744186,0,0.1162790698,0.06976744186,0.04651162791,0.06976744186,0.06976744186,0.04651162791,0.1860465116,0.06976744186,0.09302325581,0.04651162791,0.02325581395,0.1860465116,0.06976744186,0.02325581395,0,0,0,0,0,0,0.02325581395,0.06976744186,0.02325581395,0,0.04651162791,0,0.09302325581,0.02325581395,0,0.02325581395,0.4186046512,0.02325581395,0,0,0.02325581395,0.02325581395,0.04651162791,0.02325581395,0.02325581395,0.04651162791,0.06976744186,0,0,0,0,0,0,0,0,0,0,0,0,0,0,0,0,0,0,0,0
コスモアイル羽咋,565,28,41,-0.3170731707,13,15,4.478927203,3.607142857,4.543233083,3.785714286,4.536764706,4.142857143,8.146902655,255,87,0.2973451327,12,7,0.1785714286,0.03185840708,0.1221238938,0.1557522124,0.203539823,0.2300884956,0.182300885,0.06725663717,0.007079646018,0,0,0.407079646,0.5557522124,0.2159292035,0.2619469027,0.1097345133,0.06902654867,0.3433628319,0.1274336283,0.05840707965,0.09203539823,0.2566371681,0.08318584071,0.001769911504,0.0814159292,0.01946902655,0.1433628319,0,0,0,0.1575221239,0.2123893805,0.3734513274,0.03185840708,0,0,0,0.0389380531,0,0,0,0,0,0,0.08849557522,0,0.02123893805,0.06371681416,0.05840707965,0.1079646018,0.1327433628,0.1132743363,0.1203539823,0.08672566372,0.07610619469,0.06017699115,0.0389380531,0.07256637168,0.04424778761,0.02477876106,0.007079646018,0,0,0.005309734513,0.001769911504,0,0.005309734513,0.01061946903,0.01238938053,0.02654867257,0.03539823009,0.03716814159,0.1097345133,0.05132743363,0.008849557522,0.07787610619,0.1132743363,0.02831858407,0.005309734513,0.01769911504,0.04424778761,0.01946902655,0.1734513274,0.01592920354,0.007079646018,0.01769911504,0.08318584071,0.04778761062,0.001769911504,0,0.001769911504,0.001769911504,0.005309734513,0.007079646018,0.001769911504,0,0.001769911504,0.003539823009,0,0.003539823009,0,0.003539823009,0.001769911504,0.001769911504,0,0,0.001769911504
道の駅「赤神」,47,3,2,0.5,106,85,4.568181818,4.666666667,4.413043478,4.666666667,4.456521739,4.666666667,8.276595745,24,8,0.3404255319,2,0,0.6666666667,0,0.04255319149,0.1063829787,0.08510638298,0.4680851064,0.2765957447,0.02127659574,0,0,0,0.6382978723,0.3404255319,0.1063829787,0.1489361702,0.170212766,0.170212766,0.4042553191,0.3617021277,0.06382978723,0.1276595745,0.3404255319,0,0,0,0,0.04255319149,0,0,0,0.1276595745,0.170212766,0.3404255319,0.08510638298,0,0,0,0.08510638298,0,0,0,0,0,0,0.5319148936,0,0.02127659574,0.04255319149,0,0.1489361702,0.1063829787,0.170212766,0.170212766,0.1276595745,0.1063829787,0.06382978723,0,0.02127659574,0.04255319149,0,0,0.02127659574,0,0,0,0,0,0.02127659574,0,0.06382978723,0,0.02127659574,0.1276595745,0.02127659574,0.02127659574,0.1063829787,0.2553191489,0,0,0.02127659574,0.02127659574,0.02127659574,0.04255319149,0,0,0.02127659574,0.02127659574,0.1276595745,0,0,0.04255319149,0,0.02127659574,0,0,0,0,0,0,0,0,0,0,0,0,0,0
気多大社,67,0,0,,89,143,4.456140351,,4.409836066,,4.596774194,,8.179104478,29,10,0.2835820896,0,0,,0,0.1194029851,0.1343283582,0.2835820896,0.3134328358,0.1492537313,0,0,0,0,0.5671641791,0.4179104478,0.223880597,0.2388059701,0.01492537313,0.1343283582,0.3880597015,0.2985074627,0.05970149254,0.1343283582,0.1940298507,0.0447761194,0,0.1044776119,0.01492537313,0.05970149254,0,0,0,0.07462686567,0.1641791045,0.3582089552,0.0447761194,0,0,0,0.01492537313,0,0,0,0,0,0,0.1940298507,0,0.05970149254,0.1044776119,0.05970149254,0.0447761194,0.2089552239,0.1492537313,0.1343283582,0.08955223881,0.07462686567,0,0.02985074627,0.05970149254,0.01492537313,0.02985074627,0.01492537313,0,0,0,0,0,0,0,0.01492537313,0.01492537313,0.05970149254,0.0447761194,0.08955223881,0.05970149254,0.01492537313,0.07462686567,0.223880597,0.02985074627,0.01492537313,0.0447761194,0.02985074627,0,0.0447761194,0,0,0,0.07462686567,0.0447761194,0.02985074627,0.01492537313,0,0,0.01492537313,0,0.02985074627,0,0,0,0,0.01492537313,0,0,0,0,0,0,0
ひょっこり温泉 島の湯,39,3,3,0,123,86,4.631578947,4.666666667,4.527777778,4.666666667,4.692307692,4.666666667,8.794871795,25,3,0.5641025641,2,0,0.6666666667,0.05128205128,0.1282051282,0.1538461538,0.2051282051,0.2051282051,0.2051282051,0.05128205128,0,0,0,0.4358974359,0.5641025641,0.1282051282,0.1025641026,0.2820512821,0.2307692308,0.2564102564,0.2307692308,0.05128205128,0.02564102564,0.2820512821,0.07692307692,0,0.1025641026,0,0.1282051282,0,0,0,0.1282051282,0.5641025641,0.5128205128,0,0,0,0,0.07692307692,0,0,0,0,0,0,0.1025641026,0,0.07692307692,0.02564102564,0.07692307692,0.1282051282,0.07692307692,0.1794871795,0.02564102564,0.1794871795,0.07692307692,0,0.07692307692,0.1025641026,0.02564102564,0.02564102564,0.02564102564,0,0,0,0,0,0.02564102564,0,0,0.02564102564,0.07692307692,0,0.2051282051,0.02564102564,0,0.1794871795,0.1794871795,0,0.07692307692,0.02564102564,0,0.02564102564,0.02564102564,0,0,0,0,0,0.05128205128,0,0,0,0,0,0.02564102564,0,0,0,0,0.02564102564,0,0,0,0,0,0,0
のと鉄道（通常）,527,18,7,1.571428571,14,26,4.464454976,3.611111111,4.481395349,3.444444444,4.492094862,4.333333333,8.001897533,231,95,0.2580645161,4,5,-0.05555555556,0.06641366224,0.1764705882,0.1593927894,0.1385199241,0.2409867173,0.1461100569,0.06451612903,0.00569259962,0,0.001897533207,0.6451612903,0.3434535104,0.2618595825,0.2694497154,0.1423149905,0.1271347249,0.1992409867,0.4895635674,0.03225806452,0.1062618596,0.1461100569,0.03036053131,0,0.04743833017,0.03605313093,0.04554079696,0,0,0,0.1157495256,0.2941176471,0.4459203036,0.1233396584,0,0,0,0.06831119545,0,0,0,0,0,0,0.02277039848,0,0.08159392789,0.055028463,0.05313092979,0.08538899431,0.09108159393,0.1309297913,0.1138519924,0.08538899431,0.0834914611,0.05882352941,0.07210626186,0.07020872865,0.05313092979,0.04743833017,0.01518026565,0.003795066414,0.00569259962,0.003795066414,0.001897533207,0.001897533207,0.003795066414,0.01328273245,0.009487666034,0.01138519924,0.05123339658,0.03605313093,0.1859582543,0.1043643264,0.01138519924,0.03795066414,0.1252371917,0.009487666034,0.001897533207,0.01138519924,0.0265654649,0.01707779886,0.07779886148,0.01328273245,0.009487666034,0.0265654649,0.09677419355,0.03225806452,0.01138519924,0.003795066414,0.003795066414,0,0.001897533207,0.007590132827,0.007590132827,0.001897533207,0,0,0,0.007590132827,0.001897533207,0.003795066414,0.001897533207,0.001897533207,0,0,0
のと鉄道 POKÉMON with YOUトレイン,97,1,25,-0.96,67,110,4.588235294,4,4.551724138,4,4.617021277,5,8.268041237,53,15,0.3917525773,1,0,1,0.0824742268,0.206185567,0.2268041237,0.1958762887,0.2680412371,0.01030927835,0.01030927835,0,0,0,0.587628866,0.412371134,0.2371134021,0.2268041237,0.1134020619,0.09278350515,0.3298969072,0.3195876289,0.0618556701,0.1134020619,0.1546391753,0.01030927835,0.01030927835,0.0824742268,0.01030927835,0.1958762887,0,0,0,0.1443298969,0.2989690722,0.4226804124,0.1340206186,0,0,0,0.01030927835,0,0,0,0,0,0,0.0206185567,0,0.03092783505,0.0206185567,0.0412371134,0.0618556701,0.09278350515,0.1237113402,0.1134020619,0.1443298969,0.0412371134,0.0618556701,0.0412371134,0.1546391753,0.05154639175,0.05154639175,0,0,0.01030927835,0.01030927835,0,0,0,0,0.01030927835,0,0.0412371134,0.01030927835,0.1134020619,0.1030927835,0.03092783505,0.07216494845,0.2268041237,0.0206185567,0,0.0206185567,0.0206185567,0.03092783505,0.0618556701,0,0.01030927835,0.0206185567,0.0824742268,0.05154639175,0,0,0,0,0,0.01030927835,0,0,0.01030927835,0,0,0.03092783505,0,0,0,0,0,0,0
自家焙煎喫茶 中央茶廊,66,5,2,1.5,91,70,4.578125,3.4,4.603174603,3.4,4.682539683,3.6,8.606060606,40,6,0.5151515152,2,1,0.2,0.0303030303,0.1666666667,0.1363636364,0.1666666667,0.3787878788,0.1212121212,0,0,0,0,0.4393939394,0.5454545455,0.196969697,0.1060606061,0.04545454545,0.196969697,0.4545454545,0.2727272727,0.1212121212,0.09090909091,0.303030303,0,0,0.09090909091,0.0303030303,0.01515151515,0,0,0,0.1060606061,0.2424242424,0.5909090909,0.06060606061,0,0,0,0.1060606061,0,0,0,0,0,0,0.09090909091,0,0.0303030303,0.04545454545,0.07575757576,0.09090909091,0.1666666667,0.1363636364,0.07575757576,0.0303030303,0.1363636364,0.04545454545,0.0303030303,0.07575757576,0.01515151515,0.07575757576,0,0,0,0,0,0,0,0,0,0,0.0303030303,0,0.1060606061,0.07575757576,0,0.1212121212,0.4393939394,0.01515151515,0,0.01515151515,0.01515151515,0,0.0303030303,0.01515151515,0,0.01515151515,0.07575757576,0.01515151515,0,0,0,0,0,0,0,0,0,0,0,0.0303030303,0,0,0,0,0,0,0
のと里山里海ミュージアム,30,4,4,0,144,78,4.52,4.25,4.538461538,4.25,4.5,3.5,7.733333333,10,6,0.1333333333,1,1,0,0.03333333333,0.06666666667,0.1333333333,0.1666666667,0.3333333333,0.2333333333,0,0.03333333333,0,0,0.4333333333,0.5333333333,0.4,0.1,0.06666666667,0.1666666667,0.2666666667,0.1666666667,0.06666666667,0.2,0.1666666667,0.2,0,0.03333333333,0,0.06666666667,0,0,0,0.2333333333,0.4333333333,0.6666666667,0.1333333333,0,0,0,0.1333333333,0,0,0,0,0,0,0.1333333333,0,0.06666666667,0.03333333333,0.03333333333,0.1,0.1333333333,0.1333333333,0.1,0.1,0.1,0,0.03333333333,0.1333333333,0.03333333333,0.06666666667,0,0,0,0.03333333333,0,0,0,0,0,0,0.03333333333,0,0.1,0.06666666667,0,0.1,0.2666666667,0.03333333333,0,0,0,0.03333333333,0.03333333333,0,0.03333333333,0.1666666667,0.06666666667,0.03333333333,0,0,0,0,0,0,0,0,0,0,0,0,0,0,0,0,0,0,0
出張輪島朝市 inワイプラザ輪島店,92,9,16,-0.4375,70,48,4.46835443,3.777777778,4.419753086,4,4.578313253,4.777777778,8.086956522,48,20,0.3043478261,6,2,0.4444444444,0.0652173913,0.07608695652,0.1086956522,0.1304347826,0.4456521739,0.1195652174,0.05434782609,0,0,0,0.4782608696,0.5108695652,0.2173913043,0.2826086957,0.1195652174,0.1630434783,0.2173913043,0.2173913043,0.02173913043,0.07608695652,0.2065217391,0.09782608696,0,0.1195652174,0.02173913043,0.1086956522,0,0,0,0.1195652174,0.2173913043,0.4565217391,0.05434782609,0,0,0,0.08695652174,0,0,0,0,0,0,0.0652173913,0,0.07608695652,0.1086956522,0.03260869565,0.08695652174,0.07608695652,0.1086956522,0.08695652174,0.1195652174,0.05434782609,0.0652173913,0.07608695652,0.07608695652,0.02173913043,0.08695652174,0,0,0,0.02173913043,0,0,0.01086956522,0.02173913043,0.01086956522,0.01086956522,0.01086956522,0.02173913043,0.1086956522,0.0652173913,0,0.03260869565,0.2173913043,0.02173913043,0.03260869565,0.01086956522,0.02173913043,0.05434782609,0.05434782609,0,0.01086956522,0.07608695652,0.08695652174,0.04347826087,0.01086956522,0,0,0,0.01086956522,0,0,0,0,0,0.02173913043,0.01086956522,0,0,0,0,0,0,0
のと海洋ふれあいセンター,38,0,6,-1,126,144,4.647058824,,4.647058824,,4.567567568,,8,19,11,0.2105263158,0,0,,0,0.1052631579,0.2631578947,0.2631578947,0.2105263158,0.1315789474,0.02631578947,0,0,0,0.3947368421,0.5789473684,0.1578947368,0.2368421053,0.1315789474,0.1842105263,0.2894736842,0.02631578947,0.02631578947,0.02631578947,0.2368421053,0,0,0.02631578947,0,0.4473684211,0,0,0,0.05263157895,0.1052631579,0.2894736842,0.07894736842,0,0,0,0.1315789474,0,0,0,0,0,0,0.02631578947,0,0,0,0.02631578947,0.1052631579,0.1315789474,0.07894736842,0.07894736842,0.1578947368,0.07894736842,0.05263157895,0.1578947368,0.07894736842,0.05263157895,0,0,0,0,0,0,0,0,0,0,0,0.02631578947,0.07894736842,0.07894736842,0.05263157895,0.02631578947,0.1315789474,0.3684210526,0.02631578947,0,0,0.02631578947,0,0.02631578947,0,0.07894736842,0,0.07894736842,0,0,0,0,0,0,0,0,0,0,0,0,0,0,0,0,0,0,0,0
花嫁のれん館,47,3,4,-0.25,107,87,4.372093023,2.666666667,4.404761905,1.333333333,4.543478261,4.333333333,6.978723404,13,22,-0.1914893617,1,2,-0.3333333333,0.04255319149,0.02127659574,0.08510638298,0.1276595745,0.4893617021,0.1489361702,0.08510638298,0,0,0,0.2978723404,0.6808510638,0.3404255319,0.2553191489,0.04255319149,0.04255319149,0.3191489362,0.170212766,0.02127659574,0.1276595745,0.2340425532,0.2765957447,0,0.08510638298,0.04255319149,0,0,0,0,0.08510638298,0.2978723404,0.4893617021,0,0,0,0,0.04255319149,0,0,0,0,0,0,0.04255319149,0,0.08510638298,0.04255319149,0.08510638298,0.1063829787,0.1489361702,0.06382978723,0.1276595745,0.1063829787,0.1489361702,0.02127659574,0.04255319149,0.04255319149,0.02127659574,0.04255319149,0.02127659574,0,0,0,0,0,0,0.02127659574,0,0,0.02127659574,0.02127659574,0.170212766,0,0.04255319149,0.170212766,0.1489361702,0.1489361702,0.02127659574,0.02127659574,0,0,0.06382978723,0.02127659574,0.04255319149,0,0,0.02127659574,0.04255319149,0,0,0,0,0,0,0,0,0,0,0,0,0,0,0,0,0,0
和倉温泉-総湯-,67,19,26,-0.2692307692,90,23,4.682539683,4.842105263,4.671875,4.789473684,4.731343284,4.947368421,9.149253731,47,2,0.671641791,17,0,0.8947368421,0.01492537313,0.2388059701,0.1791044776,0.2537313433,0.223880597,0.07462686567,0.01492537313,0,0,0,0.3880597015,0.5970149254,0.1641791045,0.3134328358,0.1044776119,0.1641791045,0.2537313433,0.1044776119,0.05970149254,0.2537313433,0.1940298507,0,0,0.05970149254,0.02985074627,0.2089552239,0,0,0,0.1343283582,0.5820895522,0.5223880597,0.02985074627,0,0,0,0.1492537313,0,0,0,0,0,0,0.05970149254,0,0.0447761194,0.05970149254,0.0447761194,0.0447761194,0.1044776119,0.1791044776,0.08955223881,0.0447761194,0.01492537313,0.1194029851,0.05970149254,0.1044776119,0.05970149254,0.07462686567,0,0,0,0.01492537313,0.01492537313,0,0,0.01492537313,0,0.02985074627,0.08955223881,0.05970149254,0.2388059701,0.0447761194,0.05970149254,0.08955223881,0.02985074627,0,0.01492537313,0,0.01492537313,0.01492537313,0.07462686567,0,0,0.0447761194,0.05970149254,0.02985074627,0,0.02985074627,0,0,0,0,0,0,0.01492537313,0,0,0,0,0.01492537313,0,0,0,0,0
おくだや,53,36,17,1.117647059,100,9,4.735849057,4.722222222,4.76,4.527777778,4.725490196,4.666666667,9.094339623,40,3,0.6981132075,27,2,0.6944444444,0,0.2075471698,0.2452830189,0.1509433962,0.1886792453,0.1698113208,0.03773584906,0,0,0,0.358490566,0.641509434,0.6037735849,0.2075471698,0.1698113208,0.01886792453,0,0.01886792453,0.1698113208,0.07547169811,0.1509433962,0,0,0.09433962264,0.1132075472,0.1320754717,0,0,0,0.6037735849,0.7735849057,0.641509434,0.01886792453,0,0,0,0.05660377358,0,0,0,0,0,0,0.03773584906,0,0.07547169811,0.03773584906,0.03773584906,0.05660377358,0.01886792453,0.1320754717,0.05660377358,0.1320754717,0.05660377358,0.1132075472,0.1320754717,0.1320754717,0.03773584906,0.05660377358,0,0,0,0,0,0,0,0,0.01886792453,0,0.03773584906,0.01886792453,0.1320754717,0.09433962264,0,0.07547169811,0.1132075472,0.01886792453,0,0.01886792453,0.01886792453,0,0.1320754717,0.01886792453,0.01886792453,0.03773584906,0.1132075472,0.01886792453,0.01886792453,0,0,0,0,0,0,0,0,0.03773584906,0.01886792453,0.01886792453,0,0,0,0,0,0,0.01886792453
海舟,43,36,7,4.142857143,113,10,4.575,4.472222222,4.585365854,4.416666667,4.547619048,4.5,9.093023256,30,1,0.6744186047,25,1,0.6666666667,0,0.1162790698,0.2093023256,0.06976744186,0.3488372093,0.1627906977,0.09302325581,0,0,0,0.3720930233,0.6279069767,0.6511627907,0.1860465116,0.1162790698,0.04651162791,0,0.09302325581,0.09302325581,0.1627906977,0.488372093,0,0,0.06976744186,0,0.02325581395,0,0,0,0.8837209302,0.9069767442,0.7209302326,0.02325581395,0,0,0,0,0,0,0,0,0,0,0.09302325581,0,0,0,0.02325581395,0,0.09302325581,0,0.1627906977,0.06976744186,0.1162790698,0.04651162791,0.09302325581,0.1395348837,0.09302325581,0.1627906977,0,0,0,0,0,0,0,0.02325581395,0.06976744186,0.02325581395,0.02325581395,0.02325581395,0.1162790698,0.06976744186,0,0.09302325581,0.1860465116,0.04651162791,0,0.04651162791,0,0,0.06976744186,0,0,0.02325581395,0.09302325581,0.02325581395,0.02325581395,0.04651162791,0,0,0,0,0,0,0,0,0,0,0,0,0,0,0,0,0